created_at,experiment,fold,split,sample_index,probability,label,binary_threshold_cobb,classification_prob_threshold,checkpoint_path
2026-05-27T23:19:17.553487,ablation_vivit_ww,1,test,0,0.6106239557266235,1.0,11.0,0.5,/root/private_data/NMI_Project_Val/checkpoints/kfold5_kvt_vivit_pretrained_cobb11/fold_1/checkpoint_best.pth
2026-05-27T23:19:17.553487,ablation_vivit_ww,1,test,1,0.5002774000167847,1.0,11.0,0.5,/root/private_data/NMI_Project_Val/checkpoints/kfold5_kvt_vivit_pretrained_cobb11/fold_1/checkpoint_best.pth
2026-05-27T23:19:17.553487,ablation_vivit_ww,1,test,2,0.6423493027687073,1.0,11.0,0.5,/root/private_data/NMI_Project_Val/checkpoints/kfold5_kvt_vivit_pretrained_cobb11/fold_1/checkpoint_best.pth
2026-05-27T23:19:17.553487,ablation_vivit_ww,1,test,3,0.4817209541797638,1.0,11.0,0.5,/root/private_data/NMI_Project_Val/checkpoints/kfold5_kvt_vivit_pretrained_cobb11/fold_1/checkpoint_best.pth
2026-05-27T23:19:17.553487,ablation_vivit_ww,1,test,4,0.3895221948623657,1.0,11.0,0.5,/root/private_data/NMI_Project_Val/checkpoints/kfold5_kvt_vivit_pretrained_cobb11/fold_1/checkpoint_best.pth
2026-05-27T23:19:17.553487,ablation_vivit_ww,1,test,5,0.681338369846344,1.0,11.0,0.5,/root/private_data/NMI_Project_Val/checkpoints/kfold5_kvt_vivit_pretrained_cobb11/fold_1/checkpoint_best.pth
2026-05-27T23:19:17.553487,ablation_vivit_ww,1,test,6,0.6270920634269714,1.0,11.0,0.5,/root/private_data/NMI_Project_Val/checkpoints/kfold5_kvt_vivit_pretrained_cobb11/fold_1/checkpoint_best.pth
2026-05-27T23:19:17.553487,ablation_vivit_ww,1,test,7,0.6593294739723206,1.0,11.0,0.5,/root/private_data/NMI_Project_Val/checkpoints/kfold5_kvt_vivit_pretrained_cobb11/fold_1/checkpoint_best.pth
2026-05-27T23:19:17.553487,ablation_vivit_ww,1,test,8,0.565883219242096,1.0,11.0,0.5,/root/private_data/NMI_Project_Val/checkpoints/kfold5_kvt_vivit_pretrained_cobb11/fold_1/checkpoint_best.pth
2026-05-27T23:19:17.553487,ablation_vivit_ww,1,test,9,0.4271828234195709,1.0,11.0,0.5,/root/private_data/NMI_Project_Val/checkpoints/kfold5_kvt_vivit_pretrained_cobb11/fold_1/checkpoint_best.pth
2026-05-27T23:19:17.553487,ablation_vivit_ww,1,test,10,0.4525444209575653,1.0,11.0,0.5,/root/private_data/NMI_Project_Val/checkpoints/kfold5_kvt_vivit_pretrained_cobb11/fold_1/checkpoint_best.pth
2026-05-27T23:19:17.553487,ablation_vivit_ww,1,test,11,0.5067734718322754,1.0,11.0,0.5,/root/private_data/NMI_Project_Val/checkpoints/kfold5_kvt_vivit_pretrained_cobb11/fold_1/checkpoint_best.pth
2026-05-27T23:19:17.553487,ablation_vivit_ww,1,test,12,0.6812848448753357,1.0,11.0,0.5,/root/private_data/NMI_Project_Val/checkpoints/kfold5_kvt_vivit_pretrained_cobb11/fold_1/checkpoint_best.pth
2026-05-27T23:19:17.553487,ablation_vivit_ww,1,test,13,0.5971544981002808,1.0,11.0,0.5,/root/private_data/NMI_Project_Val/checkpoints/kfold5_kvt_vivit_pretrained_cobb11/fold_1/checkpoint_best.pth
2026-05-27T23:19:17.553487,ablation_vivit_ww,1,test,14,0.38745298981666565,1.0,11.0,0.5,/root/private_data/NMI_Project_Val/checkpoints/kfold5_kvt_vivit_pretrained_cobb11/fold_1/checkpoint_best.pth
2026-05-27T23:19:17.553487,ablation_vivit_ww,1,test,15,0.4427821934223175,1.0,11.0,0.5,/root/private_data/NMI_Project_Val/checkpoints/kfold5_kvt_vivit_pretrained_cobb11/fold_1/checkpoint_best.pth
2026-05-27T23:19:17.553487,ablation_vivit_ww,1,test,16,0.4809888005256653,1.0,11.0,0.5,/root/private_data/NMI_Project_Val/checkpoints/kfold5_kvt_vivit_pretrained_cobb11/fold_1/checkpoint_best.pth
2026-05-27T23:19:17.553487,ablation_vivit_ww,1,test,17,0.5058709979057312,1.0,11.0,0.5,/root/private_data/NMI_Project_Val/checkpoints/kfold5_kvt_vivit_pretrained_cobb11/fold_1/checkpoint_best.pth
2026-05-27T23:19:17.553487,ablation_vivit_ww,1,test,18,0.6079221367835999,1.0,11.0,0.5,/root/private_data/NMI_Project_Val/checkpoints/kfold5_kvt_vivit_pretrained_cobb11/fold_1/checkpoint_best.pth
2026-05-27T23:19:17.553487,ablation_vivit_ww,1,test,19,0.613620936870575,1.0,11.0,0.5,/root/private_data/NMI_Project_Val/checkpoints/kfold5_kvt_vivit_pretrained_cobb11/fold_1/checkpoint_best.pth
2026-05-27T23:19:17.553487,ablation_vivit_ww,1,test,20,0.5606156587600708,1.0,11.0,0.5,/root/private_data/NMI_Project_Val/checkpoints/kfold5_kvt_vivit_pretrained_cobb11/fold_1/checkpoint_best.pth
2026-05-27T23:19:17.553487,ablation_vivit_ww,1,test,21,0.4892736077308655,1.0,11.0,0.5,/root/private_data/NMI_Project_Val/checkpoints/kfold5_kvt_vivit_pretrained_cobb11/fold_1/checkpoint_best.pth
2026-05-27T23:19:17.553487,ablation_vivit_ww,1,test,22,0.6503265500068665,1.0,11.0,0.5,/root/private_data/NMI_Project_Val/checkpoints/kfold5_kvt_vivit_pretrained_cobb11/fold_1/checkpoint_best.pth
2026-05-27T23:19:17.553487,ablation_vivit_ww,1,test,23,0.4106365740299225,1.0,11.0,0.5,/root/private_data/NMI_Project_Val/checkpoints/kfold5_kvt_vivit_pretrained_cobb11/fold_1/checkpoint_best.pth
2026-05-27T23:19:17.553487,ablation_vivit_ww,1,test,24,0.735852837562561,1.0,11.0,0.5,/root/private_data/NMI_Project_Val/checkpoints/kfold5_kvt_vivit_pretrained_cobb11/fold_1/checkpoint_best.pth
2026-05-27T23:19:17.553487,ablation_vivit_ww,1,test,25,0.5346493124961853,1.0,11.0,0.5,/root/private_data/NMI_Project_Val/checkpoints/kfold5_kvt_vivit_pretrained_cobb11/fold_1/checkpoint_best.pth
2026-05-27T23:19:17.553487,ablation_vivit_ww,1,test,26,0.5889742970466614,1.0,11.0,0.5,/root/private_data/NMI_Project_Val/checkpoints/kfold5_kvt_vivit_pretrained_cobb11/fold_1/checkpoint_best.pth
2026-05-27T23:19:17.553487,ablation_vivit_ww,1,test,27,0.5531271696090698,1.0,11.0,0.5,/root/private_data/NMI_Project_Val/checkpoints/kfold5_kvt_vivit_pretrained_cobb11/fold_1/checkpoint_best.pth
2026-05-27T23:19:17.553487,ablation_vivit_ww,1,test,28,0.5471233129501343,1.0,11.0,0.5,/root/private_data/NMI_Project_Val/checkpoints/kfold5_kvt_vivit_pretrained_cobb11/fold_1/checkpoint_best.pth
2026-05-27T23:19:17.553487,ablation_vivit_ww,1,test,29,0.6862656474113464,1.0,11.0,0.5,/root/private_data/NMI_Project_Val/checkpoints/kfold5_kvt_vivit_pretrained_cobb11/fold_1/checkpoint_best.pth
2026-05-27T23:19:17.553487,ablation_vivit_ww,1,test,30,0.6313165426254272,1.0,11.0,0.5,/root/private_data/NMI_Project_Val/checkpoints/kfold5_kvt_vivit_pretrained_cobb11/fold_1/checkpoint_best.pth
2026-05-27T23:19:17.553487,ablation_vivit_ww,1,test,31,0.5491027235984802,1.0,11.0,0.5,/root/private_data/NMI_Project_Val/checkpoints/kfold5_kvt_vivit_pretrained_cobb11/fold_1/checkpoint_best.pth
2026-05-27T23:19:17.553487,ablation_vivit_ww,1,test,32,0.6596376895904541,1.0,11.0,0.5,/root/private_data/NMI_Project_Val/checkpoints/kfold5_kvt_vivit_pretrained_cobb11/fold_1/checkpoint_best.pth
2026-05-27T23:19:17.553487,ablation_vivit_ww,1,test,33,0.6424139738082886,1.0,11.0,0.5,/root/private_data/NMI_Project_Val/checkpoints/kfold5_kvt_vivit_pretrained_cobb11/fold_1/checkpoint_best.pth
2026-05-27T23:19:17.553487,ablation_vivit_ww,1,test,34,0.3919406235218048,1.0,11.0,0.5,/root/private_data/NMI_Project_Val/checkpoints/kfold5_kvt_vivit_pretrained_cobb11/fold_1/checkpoint_best.pth
2026-05-27T23:19:17.553487,ablation_vivit_ww,1,test,35,0.5372965335845947,1.0,11.0,0.5,/root/private_data/NMI_Project_Val/checkpoints/kfold5_kvt_vivit_pretrained_cobb11/fold_1/checkpoint_best.pth
2026-05-27T23:19:17.553487,ablation_vivit_ww,1,test,36,0.5226476192474365,1.0,11.0,0.5,/root/private_data/NMI_Project_Val/checkpoints/kfold5_kvt_vivit_pretrained_cobb11/fold_1/checkpoint_best.pth
2026-05-27T23:19:17.553487,ablation_vivit_ww,1,test,37,0.5682930946350098,1.0,11.0,0.5,/root/private_data/NMI_Project_Val/checkpoints/kfold5_kvt_vivit_pretrained_cobb11/fold_1/checkpoint_best.pth
2026-05-27T23:19:17.553487,ablation_vivit_ww,1,test,38,0.3868873715400696,1.0,11.0,0.5,/root/private_data/NMI_Project_Val/checkpoints/kfold5_kvt_vivit_pretrained_cobb11/fold_1/checkpoint_best.pth
2026-05-27T23:19:17.553487,ablation_vivit_ww,1,test,39,0.5251066088676453,1.0,11.0,0.5,/root/private_data/NMI_Project_Val/checkpoints/kfold5_kvt_vivit_pretrained_cobb11/fold_1/checkpoint_best.pth
2026-05-27T23:19:17.553487,ablation_vivit_ww,1,test,40,0.5221046209335327,1.0,11.0,0.5,/root/private_data/NMI_Project_Val/checkpoints/kfold5_kvt_vivit_pretrained_cobb11/fold_1/checkpoint_best.pth
2026-05-27T23:19:17.553487,ablation_vivit_ww,1,test,41,0.5977446436882019,1.0,11.0,0.5,/root/private_data/NMI_Project_Val/checkpoints/kfold5_kvt_vivit_pretrained_cobb11/fold_1/checkpoint_best.pth
2026-05-27T23:19:17.553487,ablation_vivit_ww,1,test,42,0.4363557696342468,1.0,11.0,0.5,/root/private_data/NMI_Project_Val/checkpoints/kfold5_kvt_vivit_pretrained_cobb11/fold_1/checkpoint_best.pth
2026-05-27T23:19:17.553487,ablation_vivit_ww,1,test,43,0.5973858833312988,1.0,11.0,0.5,/root/private_data/NMI_Project_Val/checkpoints/kfold5_kvt_vivit_pretrained_cobb11/fold_1/checkpoint_best.pth
2026-05-27T23:19:17.553487,ablation_vivit_ww,1,test,44,0.4864735007286072,1.0,11.0,0.5,/root/private_data/NMI_Project_Val/checkpoints/kfold5_kvt_vivit_pretrained_cobb11/fold_1/checkpoint_best.pth
2026-05-27T23:19:17.553487,ablation_vivit_ww,1,test,45,0.6022427082061768,1.0,11.0,0.5,/root/private_data/NMI_Project_Val/checkpoints/kfold5_kvt_vivit_pretrained_cobb11/fold_1/checkpoint_best.pth
2026-05-27T23:19:17.553487,ablation_vivit_ww,1,test,46,0.6102737784385681,1.0,11.0,0.5,/root/private_data/NMI_Project_Val/checkpoints/kfold5_kvt_vivit_pretrained_cobb11/fold_1/checkpoint_best.pth
2026-05-27T23:19:17.553487,ablation_vivit_ww,1,test,47,0.4742144048213959,1.0,11.0,0.5,/root/private_data/NMI_Project_Val/checkpoints/kfold5_kvt_vivit_pretrained_cobb11/fold_1/checkpoint_best.pth
2026-05-27T23:19:17.553487,ablation_vivit_ww,1,test,48,0.6146567463874817,1.0,11.0,0.5,/root/private_data/NMI_Project_Val/checkpoints/kfold5_kvt_vivit_pretrained_cobb11/fold_1/checkpoint_best.pth
2026-05-27T23:19:17.553487,ablation_vivit_ww,1,test,49,0.5173221230506897,1.0,11.0,0.5,/root/private_data/NMI_Project_Val/checkpoints/kfold5_kvt_vivit_pretrained_cobb11/fold_1/checkpoint_best.pth
2026-05-27T23:19:17.553487,ablation_vivit_ww,1,test,50,0.44580432772636414,1.0,11.0,0.5,/root/private_data/NMI_Project_Val/checkpoints/kfold5_kvt_vivit_pretrained_cobb11/fold_1/checkpoint_best.pth
2026-05-27T23:19:17.553487,ablation_vivit_ww,1,test,51,0.5574530959129333,1.0,11.0,0.5,/root/private_data/NMI_Project_Val/checkpoints/kfold5_kvt_vivit_pretrained_cobb11/fold_1/checkpoint_best.pth
2026-05-27T23:19:17.553487,ablation_vivit_ww,1,test,52,0.48620128631591797,1.0,11.0,0.5,/root/private_data/NMI_Project_Val/checkpoints/kfold5_kvt_vivit_pretrained_cobb11/fold_1/checkpoint_best.pth
2026-05-27T23:19:17.553487,ablation_vivit_ww,1,test,53,0.5805650949478149,1.0,11.0,0.5,/root/private_data/NMI_Project_Val/checkpoints/kfold5_kvt_vivit_pretrained_cobb11/fold_1/checkpoint_best.pth
2026-05-27T23:19:17.553487,ablation_vivit_ww,1,test,54,0.5363088250160217,1.0,11.0,0.5,/root/private_data/NMI_Project_Val/checkpoints/kfold5_kvt_vivit_pretrained_cobb11/fold_1/checkpoint_best.pth
2026-05-27T23:19:17.553487,ablation_vivit_ww,1,test,55,0.4806671142578125,1.0,11.0,0.5,/root/private_data/NMI_Project_Val/checkpoints/kfold5_kvt_vivit_pretrained_cobb11/fold_1/checkpoint_best.pth
2026-05-27T23:19:17.553487,ablation_vivit_ww,1,test,56,0.5640477538108826,1.0,11.0,0.5,/root/private_data/NMI_Project_Val/checkpoints/kfold5_kvt_vivit_pretrained_cobb11/fold_1/checkpoint_best.pth
2026-05-27T23:19:17.553487,ablation_vivit_ww,1,test,57,0.4933927357196808,1.0,11.0,0.5,/root/private_data/NMI_Project_Val/checkpoints/kfold5_kvt_vivit_pretrained_cobb11/fold_1/checkpoint_best.pth
2026-05-27T23:19:17.553487,ablation_vivit_ww,1,test,58,0.4392472207546234,1.0,11.0,0.5,/root/private_data/NMI_Project_Val/checkpoints/kfold5_kvt_vivit_pretrained_cobb11/fold_1/checkpoint_best.pth
2026-05-27T23:19:17.553487,ablation_vivit_ww,1,test,59,0.5173294544219971,1.0,11.0,0.5,/root/private_data/NMI_Project_Val/checkpoints/kfold5_kvt_vivit_pretrained_cobb11/fold_1/checkpoint_best.pth
2026-05-27T23:19:17.553487,ablation_vivit_ww,1,test,60,0.628274142742157,1.0,11.0,0.5,/root/private_data/NMI_Project_Val/checkpoints/kfold5_kvt_vivit_pretrained_cobb11/fold_1/checkpoint_best.pth
2026-05-27T23:19:17.553487,ablation_vivit_ww,1,test,61,0.6801032423973083,1.0,11.0,0.5,/root/private_data/NMI_Project_Val/checkpoints/kfold5_kvt_vivit_pretrained_cobb11/fold_1/checkpoint_best.pth
2026-05-27T23:19:17.553487,ablation_vivit_ww,1,test,62,0.5943282246589661,1.0,11.0,0.5,/root/private_data/NMI_Project_Val/checkpoints/kfold5_kvt_vivit_pretrained_cobb11/fold_1/checkpoint_best.pth
2026-05-27T23:19:17.553487,ablation_vivit_ww,1,test,63,0.506114661693573,1.0,11.0,0.5,/root/private_data/NMI_Project_Val/checkpoints/kfold5_kvt_vivit_pretrained_cobb11/fold_1/checkpoint_best.pth
2026-05-27T23:19:17.553487,ablation_vivit_ww,1,test,64,0.4630271792411804,1.0,11.0,0.5,/root/private_data/NMI_Project_Val/checkpoints/kfold5_kvt_vivit_pretrained_cobb11/fold_1/checkpoint_best.pth
2026-05-27T23:19:17.553487,ablation_vivit_ww,1,test,65,0.704889178276062,1.0,11.0,0.5,/root/private_data/NMI_Project_Val/checkpoints/kfold5_kvt_vivit_pretrained_cobb11/fold_1/checkpoint_best.pth
2026-05-27T23:19:17.553487,ablation_vivit_ww,1,test,66,0.6183547377586365,1.0,11.0,0.5,/root/private_data/NMI_Project_Val/checkpoints/kfold5_kvt_vivit_pretrained_cobb11/fold_1/checkpoint_best.pth
2026-05-27T23:19:17.553487,ablation_vivit_ww,1,test,67,0.6424587965011597,1.0,11.0,0.5,/root/private_data/NMI_Project_Val/checkpoints/kfold5_kvt_vivit_pretrained_cobb11/fold_1/checkpoint_best.pth
2026-05-27T23:19:17.553487,ablation_vivit_ww,1,test,68,0.5912715792655945,1.0,11.0,0.5,/root/private_data/NMI_Project_Val/checkpoints/kfold5_kvt_vivit_pretrained_cobb11/fold_1/checkpoint_best.pth
2026-05-27T23:19:17.553487,ablation_vivit_ww,1,test,69,0.4473471939563751,1.0,11.0,0.5,/root/private_data/NMI_Project_Val/checkpoints/kfold5_kvt_vivit_pretrained_cobb11/fold_1/checkpoint_best.pth
2026-05-27T23:19:17.553487,ablation_vivit_ww,1,test,70,0.5517331957817078,1.0,11.0,0.5,/root/private_data/NMI_Project_Val/checkpoints/kfold5_kvt_vivit_pretrained_cobb11/fold_1/checkpoint_best.pth
2026-05-27T23:19:17.553487,ablation_vivit_ww,1,test,71,0.5385792255401611,1.0,11.0,0.5,/root/private_data/NMI_Project_Val/checkpoints/kfold5_kvt_vivit_pretrained_cobb11/fold_1/checkpoint_best.pth
2026-05-27T23:19:17.553487,ablation_vivit_ww,1,test,72,0.6119829416275024,1.0,11.0,0.5,/root/private_data/NMI_Project_Val/checkpoints/kfold5_kvt_vivit_pretrained_cobb11/fold_1/checkpoint_best.pth
2026-05-27T23:19:17.553487,ablation_vivit_ww,1,test,73,0.5553215146064758,1.0,11.0,0.5,/root/private_data/NMI_Project_Val/checkpoints/kfold5_kvt_vivit_pretrained_cobb11/fold_1/checkpoint_best.pth
2026-05-27T23:19:17.553487,ablation_vivit_ww,1,test,74,0.4630037844181061,1.0,11.0,0.5,/root/private_data/NMI_Project_Val/checkpoints/kfold5_kvt_vivit_pretrained_cobb11/fold_1/checkpoint_best.pth
2026-05-27T23:19:17.553487,ablation_vivit_ww,1,test,75,0.5645822882652283,1.0,11.0,0.5,/root/private_data/NMI_Project_Val/checkpoints/kfold5_kvt_vivit_pretrained_cobb11/fold_1/checkpoint_best.pth
2026-05-27T23:19:17.553487,ablation_vivit_ww,1,test,76,0.43755412101745605,1.0,11.0,0.5,/root/private_data/NMI_Project_Val/checkpoints/kfold5_kvt_vivit_pretrained_cobb11/fold_1/checkpoint_best.pth
2026-05-27T23:19:17.553487,ablation_vivit_ww,1,test,77,0.5681219100952148,1.0,11.0,0.5,/root/private_data/NMI_Project_Val/checkpoints/kfold5_kvt_vivit_pretrained_cobb11/fold_1/checkpoint_best.pth
2026-05-27T23:19:17.553487,ablation_vivit_ww,1,test,78,0.6452545523643494,1.0,11.0,0.5,/root/private_data/NMI_Project_Val/checkpoints/kfold5_kvt_vivit_pretrained_cobb11/fold_1/checkpoint_best.pth
2026-05-27T23:19:17.553487,ablation_vivit_ww,1,test,79,0.47917723655700684,1.0,11.0,0.5,/root/private_data/NMI_Project_Val/checkpoints/kfold5_kvt_vivit_pretrained_cobb11/fold_1/checkpoint_best.pth
2026-05-27T23:19:17.553487,ablation_vivit_ww,1,test,80,0.5521700978279114,1.0,11.0,0.5,/root/private_data/NMI_Project_Val/checkpoints/kfold5_kvt_vivit_pretrained_cobb11/fold_1/checkpoint_best.pth
2026-05-27T23:19:17.553487,ablation_vivit_ww,1,test,81,0.5925974249839783,1.0,11.0,0.5,/root/private_data/NMI_Project_Val/checkpoints/kfold5_kvt_vivit_pretrained_cobb11/fold_1/checkpoint_best.pth
2026-05-27T23:19:17.553487,ablation_vivit_ww,1,test,82,0.6175407767295837,1.0,11.0,0.5,/root/private_data/NMI_Project_Val/checkpoints/kfold5_kvt_vivit_pretrained_cobb11/fold_1/checkpoint_best.pth
2026-05-27T23:19:17.553487,ablation_vivit_ww,1,test,83,0.6760596632957458,1.0,11.0,0.5,/root/private_data/NMI_Project_Val/checkpoints/kfold5_kvt_vivit_pretrained_cobb11/fold_1/checkpoint_best.pth
2026-05-27T23:19:17.553487,ablation_vivit_ww,1,test,84,0.5062257647514343,1.0,11.0,0.5,/root/private_data/NMI_Project_Val/checkpoints/kfold5_kvt_vivit_pretrained_cobb11/fold_1/checkpoint_best.pth
2026-05-27T23:19:17.553487,ablation_vivit_ww,1,test,85,0.6645626425743103,1.0,11.0,0.5,/root/private_data/NMI_Project_Val/checkpoints/kfold5_kvt_vivit_pretrained_cobb11/fold_1/checkpoint_best.pth
2026-05-27T23:19:17.553487,ablation_vivit_ww,1,test,86,0.6372122168540955,1.0,11.0,0.5,/root/private_data/NMI_Project_Val/checkpoints/kfold5_kvt_vivit_pretrained_cobb11/fold_1/checkpoint_best.pth
2026-05-27T23:19:17.553487,ablation_vivit_ww,1,test,87,0.561020016670227,1.0,11.0,0.5,/root/private_data/NMI_Project_Val/checkpoints/kfold5_kvt_vivit_pretrained_cobb11/fold_1/checkpoint_best.pth
2026-05-27T23:19:17.553487,ablation_vivit_ww,1,test,88,0.611589789390564,1.0,11.0,0.5,/root/private_data/NMI_Project_Val/checkpoints/kfold5_kvt_vivit_pretrained_cobb11/fold_1/checkpoint_best.pth
2026-05-27T23:19:17.553487,ablation_vivit_ww,1,test,89,0.39924442768096924,0.0,11.0,0.5,/root/private_data/NMI_Project_Val/checkpoints/kfold5_kvt_vivit_pretrained_cobb11/fold_1/checkpoint_best.pth
2026-05-27T23:19:17.553487,ablation_vivit_ww,1,test,90,0.49037694931030273,1.0,11.0,0.5,/root/private_data/NMI_Project_Val/checkpoints/kfold5_kvt_vivit_pretrained_cobb11/fold_1/checkpoint_best.pth
2026-05-27T23:19:17.553487,ablation_vivit_ww,1,test,91,0.7286683917045593,1.0,11.0,0.5,/root/private_data/NMI_Project_Val/checkpoints/kfold5_kvt_vivit_pretrained_cobb11/fold_1/checkpoint_best.pth
2026-05-27T23:19:17.553487,ablation_vivit_ww,1,test,92,0.5673828721046448,1.0,11.0,0.5,/root/private_data/NMI_Project_Val/checkpoints/kfold5_kvt_vivit_pretrained_cobb11/fold_1/checkpoint_best.pth
2026-05-27T23:19:17.553487,ablation_vivit_ww,1,test,93,0.6022222638130188,1.0,11.0,0.5,/root/private_data/NMI_Project_Val/checkpoints/kfold5_kvt_vivit_pretrained_cobb11/fold_1/checkpoint_best.pth
2026-05-27T23:19:17.553487,ablation_vivit_ww,1,test,94,0.5160142779350281,1.0,11.0,0.5,/root/private_data/NMI_Project_Val/checkpoints/kfold5_kvt_vivit_pretrained_cobb11/fold_1/checkpoint_best.pth
2026-05-27T23:19:17.553487,ablation_vivit_ww,1,test,95,0.5569819211959839,1.0,11.0,0.5,/root/private_data/NMI_Project_Val/checkpoints/kfold5_kvt_vivit_pretrained_cobb11/fold_1/checkpoint_best.pth
2026-05-27T23:19:17.553487,ablation_vivit_ww,1,test,96,0.60393887758255,1.0,11.0,0.5,/root/private_data/NMI_Project_Val/checkpoints/kfold5_kvt_vivit_pretrained_cobb11/fold_1/checkpoint_best.pth
2026-05-27T23:19:17.553487,ablation_vivit_ww,1,test,97,0.5259698629379272,1.0,11.0,0.5,/root/private_data/NMI_Project_Val/checkpoints/kfold5_kvt_vivit_pretrained_cobb11/fold_1/checkpoint_best.pth
2026-05-27T23:19:17.553487,ablation_vivit_ww,1,test,98,0.5575374364852905,1.0,11.0,0.5,/root/private_data/NMI_Project_Val/checkpoints/kfold5_kvt_vivit_pretrained_cobb11/fold_1/checkpoint_best.pth
2026-05-27T23:19:17.553487,ablation_vivit_ww,1,test,99,0.43830806016921997,1.0,11.0,0.5,/root/private_data/NMI_Project_Val/checkpoints/kfold5_kvt_vivit_pretrained_cobb11/fold_1/checkpoint_best.pth
2026-05-27T23:19:17.553487,ablation_vivit_ww,1,test,100,0.626614511013031,1.0,11.0,0.5,/root/private_data/NMI_Project_Val/checkpoints/kfold5_kvt_vivit_pretrained_cobb11/fold_1/checkpoint_best.pth
2026-05-27T23:19:17.553487,ablation_vivit_ww,1,test,101,0.48072153329849243,1.0,11.0,0.5,/root/private_data/NMI_Project_Val/checkpoints/kfold5_kvt_vivit_pretrained_cobb11/fold_1/checkpoint_best.pth
2026-05-27T23:19:17.553487,ablation_vivit_ww,1,test,102,0.4943773150444031,1.0,11.0,0.5,/root/private_data/NMI_Project_Val/checkpoints/kfold5_kvt_vivit_pretrained_cobb11/fold_1/checkpoint_best.pth
2026-05-27T23:19:17.553487,ablation_vivit_ww,1,test,103,0.5776802897453308,1.0,11.0,0.5,/root/private_data/NMI_Project_Val/checkpoints/kfold5_kvt_vivit_pretrained_cobb11/fold_1/checkpoint_best.pth
2026-05-27T23:19:17.553487,ablation_vivit_ww,1,test,104,0.5258248448371887,1.0,11.0,0.5,/root/private_data/NMI_Project_Val/checkpoints/kfold5_kvt_vivit_pretrained_cobb11/fold_1/checkpoint_best.pth
2026-05-27T23:19:17.553487,ablation_vivit_ww,1,test,105,0.6298868656158447,1.0,11.0,0.5,/root/private_data/NMI_Project_Val/checkpoints/kfold5_kvt_vivit_pretrained_cobb11/fold_1/checkpoint_best.pth
2026-05-27T23:19:17.553487,ablation_vivit_ww,1,test,106,0.629136323928833,1.0,11.0,0.5,/root/private_data/NMI_Project_Val/checkpoints/kfold5_kvt_vivit_pretrained_cobb11/fold_1/checkpoint_best.pth
2026-05-27T23:19:17.553487,ablation_vivit_ww,1,test,107,0.5091388821601868,1.0,11.0,0.5,/root/private_data/NMI_Project_Val/checkpoints/kfold5_kvt_vivit_pretrained_cobb11/fold_1/checkpoint_best.pth
2026-05-27T23:19:17.553487,ablation_vivit_ww,1,test,108,0.6728083491325378,1.0,11.0,0.5,/root/private_data/NMI_Project_Val/checkpoints/kfold5_kvt_vivit_pretrained_cobb11/fold_1/checkpoint_best.pth
2026-05-27T23:19:17.553487,ablation_vivit_ww,1,test,109,0.5421408414840698,1.0,11.0,0.5,/root/private_data/NMI_Project_Val/checkpoints/kfold5_kvt_vivit_pretrained_cobb11/fold_1/checkpoint_best.pth
2026-05-27T23:19:17.553487,ablation_vivit_ww,1,test,110,0.5842154622077942,1.0,11.0,0.5,/root/private_data/NMI_Project_Val/checkpoints/kfold5_kvt_vivit_pretrained_cobb11/fold_1/checkpoint_best.pth
2026-05-27T23:19:17.553487,ablation_vivit_ww,1,test,111,0.5979161262512207,1.0,11.0,0.5,/root/private_data/NMI_Project_Val/checkpoints/kfold5_kvt_vivit_pretrained_cobb11/fold_1/checkpoint_best.pth
2026-05-27T23:19:17.553487,ablation_vivit_ww,1,test,112,0.5503182411193848,1.0,11.0,0.5,/root/private_data/NMI_Project_Val/checkpoints/kfold5_kvt_vivit_pretrained_cobb11/fold_1/checkpoint_best.pth
2026-05-27T23:19:17.553487,ablation_vivit_ww,1,test,113,0.5493439435958862,1.0,11.0,0.5,/root/private_data/NMI_Project_Val/checkpoints/kfold5_kvt_vivit_pretrained_cobb11/fold_1/checkpoint_best.pth
2026-05-27T23:19:17.553487,ablation_vivit_ww,1,test,114,0.5265176296234131,1.0,11.0,0.5,/root/private_data/NMI_Project_Val/checkpoints/kfold5_kvt_vivit_pretrained_cobb11/fold_1/checkpoint_best.pth
2026-05-27T23:19:17.553487,ablation_vivit_ww,1,test,115,0.49851277470588684,1.0,11.0,0.5,/root/private_data/NMI_Project_Val/checkpoints/kfold5_kvt_vivit_pretrained_cobb11/fold_1/checkpoint_best.pth
2026-05-27T23:19:17.553487,ablation_vivit_ww,1,test,116,0.6365650296211243,1.0,11.0,0.5,/root/private_data/NMI_Project_Val/checkpoints/kfold5_kvt_vivit_pretrained_cobb11/fold_1/checkpoint_best.pth
2026-05-27T23:19:17.553487,ablation_vivit_ww,1,test,117,0.5181698799133301,1.0,11.0,0.5,/root/private_data/NMI_Project_Val/checkpoints/kfold5_kvt_vivit_pretrained_cobb11/fold_1/checkpoint_best.pth
2026-05-27T23:19:17.553487,ablation_vivit_ww,1,test,118,0.629245936870575,1.0,11.0,0.5,/root/private_data/NMI_Project_Val/checkpoints/kfold5_kvt_vivit_pretrained_cobb11/fold_1/checkpoint_best.pth
2026-05-27T23:19:17.553487,ablation_vivit_ww,1,test,119,0.5611152052879333,1.0,11.0,0.5,/root/private_data/NMI_Project_Val/checkpoints/kfold5_kvt_vivit_pretrained_cobb11/fold_1/checkpoint_best.pth
2026-05-27T23:19:17.553487,ablation_vivit_ww,1,test,120,0.6181884407997131,1.0,11.0,0.5,/root/private_data/NMI_Project_Val/checkpoints/kfold5_kvt_vivit_pretrained_cobb11/fold_1/checkpoint_best.pth
2026-05-27T23:19:17.553487,ablation_vivit_ww,1,test,121,0.6353241801261902,1.0,11.0,0.5,/root/private_data/NMI_Project_Val/checkpoints/kfold5_kvt_vivit_pretrained_cobb11/fold_1/checkpoint_best.pth
2026-05-27T23:19:17.553487,ablation_vivit_ww,1,test,122,0.4591902494430542,1.0,11.0,0.5,/root/private_data/NMI_Project_Val/checkpoints/kfold5_kvt_vivit_pretrained_cobb11/fold_1/checkpoint_best.pth
2026-05-27T23:19:17.553487,ablation_vivit_ww,1,test,123,0.4691714942455292,1.0,11.0,0.5,/root/private_data/NMI_Project_Val/checkpoints/kfold5_kvt_vivit_pretrained_cobb11/fold_1/checkpoint_best.pth
2026-05-27T23:19:17.553487,ablation_vivit_ww,1,test,124,0.48347318172454834,1.0,11.0,0.5,/root/private_data/NMI_Project_Val/checkpoints/kfold5_kvt_vivit_pretrained_cobb11/fold_1/checkpoint_best.pth
2026-05-27T23:19:17.553487,ablation_vivit_ww,1,test,125,0.5612032413482666,1.0,11.0,0.5,/root/private_data/NMI_Project_Val/checkpoints/kfold5_kvt_vivit_pretrained_cobb11/fold_1/checkpoint_best.pth
2026-05-27T23:19:17.553487,ablation_vivit_ww,1,test,126,0.5641452670097351,1.0,11.0,0.5,/root/private_data/NMI_Project_Val/checkpoints/kfold5_kvt_vivit_pretrained_cobb11/fold_1/checkpoint_best.pth
2026-05-27T23:19:17.553487,ablation_vivit_ww,1,test,127,0.6604191064834595,1.0,11.0,0.5,/root/private_data/NMI_Project_Val/checkpoints/kfold5_kvt_vivit_pretrained_cobb11/fold_1/checkpoint_best.pth
2026-05-27T23:19:17.553487,ablation_vivit_ww,1,test,128,0.35811659693717957,1.0,11.0,0.5,/root/private_data/NMI_Project_Val/checkpoints/kfold5_kvt_vivit_pretrained_cobb11/fold_1/checkpoint_best.pth
2026-05-27T23:19:17.553487,ablation_vivit_ww,1,test,129,0.3643079698085785,1.0,11.0,0.5,/root/private_data/NMI_Project_Val/checkpoints/kfold5_kvt_vivit_pretrained_cobb11/fold_1/checkpoint_best.pth
2026-05-27T23:19:17.553487,ablation_vivit_ww,1,test,130,0.5936501622200012,1.0,11.0,0.5,/root/private_data/NMI_Project_Val/checkpoints/kfold5_kvt_vivit_pretrained_cobb11/fold_1/checkpoint_best.pth
2026-05-27T23:19:17.553487,ablation_vivit_ww,1,test,131,0.5098651647567749,1.0,11.0,0.5,/root/private_data/NMI_Project_Val/checkpoints/kfold5_kvt_vivit_pretrained_cobb11/fold_1/checkpoint_best.pth
2026-05-27T23:19:17.553487,ablation_vivit_ww,1,test,132,0.5544620752334595,1.0,11.0,0.5,/root/private_data/NMI_Project_Val/checkpoints/kfold5_kvt_vivit_pretrained_cobb11/fold_1/checkpoint_best.pth
2026-05-27T23:19:17.553487,ablation_vivit_ww,1,test,133,0.47362783551216125,1.0,11.0,0.5,/root/private_data/NMI_Project_Val/checkpoints/kfold5_kvt_vivit_pretrained_cobb11/fold_1/checkpoint_best.pth
2026-05-27T23:19:17.553487,ablation_vivit_ww,1,test,134,0.46237078309059143,0.0,11.0,0.5,/root/private_data/NMI_Project_Val/checkpoints/kfold5_kvt_vivit_pretrained_cobb11/fold_1/checkpoint_best.pth
2026-05-27T23:19:17.553487,ablation_vivit_ww,1,test,135,0.6447603106498718,1.0,11.0,0.5,/root/private_data/NMI_Project_Val/checkpoints/kfold5_kvt_vivit_pretrained_cobb11/fold_1/checkpoint_best.pth
2026-05-27T23:19:17.553487,ablation_vivit_ww,1,test,136,0.5489091277122498,1.0,11.0,0.5,/root/private_data/NMI_Project_Val/checkpoints/kfold5_kvt_vivit_pretrained_cobb11/fold_1/checkpoint_best.pth
2026-05-27T23:19:17.553487,ablation_vivit_ww,1,test,137,0.569342851638794,1.0,11.0,0.5,/root/private_data/NMI_Project_Val/checkpoints/kfold5_kvt_vivit_pretrained_cobb11/fold_1/checkpoint_best.pth
2026-05-27T23:19:17.553487,ablation_vivit_ww,1,test,138,0.5595815181732178,0.0,11.0,0.5,/root/private_data/NMI_Project_Val/checkpoints/kfold5_kvt_vivit_pretrained_cobb11/fold_1/checkpoint_best.pth
2026-05-27T23:19:17.553487,ablation_vivit_ww,1,test,139,0.43350914120674133,0.0,11.0,0.5,/root/private_data/NMI_Project_Val/checkpoints/kfold5_kvt_vivit_pretrained_cobb11/fold_1/checkpoint_best.pth
2026-05-27T23:19:17.553487,ablation_vivit_ww,1,test,140,0.4628329873085022,1.0,11.0,0.5,/root/private_data/NMI_Project_Val/checkpoints/kfold5_kvt_vivit_pretrained_cobb11/fold_1/checkpoint_best.pth
2026-05-27T23:19:17.553487,ablation_vivit_ww,1,test,141,0.4046613574028015,0.0,11.0,0.5,/root/private_data/NMI_Project_Val/checkpoints/kfold5_kvt_vivit_pretrained_cobb11/fold_1/checkpoint_best.pth
2026-05-27T23:19:17.553487,ablation_vivit_ww,1,test,142,0.5142281651496887,1.0,11.0,0.5,/root/private_data/NMI_Project_Val/checkpoints/kfold5_kvt_vivit_pretrained_cobb11/fold_1/checkpoint_best.pth
2026-05-27T23:19:17.553487,ablation_vivit_ww,1,test,143,0.6392109394073486,1.0,11.0,0.5,/root/private_data/NMI_Project_Val/checkpoints/kfold5_kvt_vivit_pretrained_cobb11/fold_1/checkpoint_best.pth
2026-05-27T23:19:17.553487,ablation_vivit_ww,1,test,144,0.5632153153419495,1.0,11.0,0.5,/root/private_data/NMI_Project_Val/checkpoints/kfold5_kvt_vivit_pretrained_cobb11/fold_1/checkpoint_best.pth
2026-05-27T23:19:17.553487,ablation_vivit_ww,1,test,145,0.42842790484428406,1.0,11.0,0.5,/root/private_data/NMI_Project_Val/checkpoints/kfold5_kvt_vivit_pretrained_cobb11/fold_1/checkpoint_best.pth
2026-05-27T23:19:17.553487,ablation_vivit_ww,1,test,146,0.6205906271934509,1.0,11.0,0.5,/root/private_data/NMI_Project_Val/checkpoints/kfold5_kvt_vivit_pretrained_cobb11/fold_1/checkpoint_best.pth
2026-05-27T23:19:17.553487,ablation_vivit_ww,1,test,147,0.47756245732307434,1.0,11.0,0.5,/root/private_data/NMI_Project_Val/checkpoints/kfold5_kvt_vivit_pretrained_cobb11/fold_1/checkpoint_best.pth
2026-05-27T23:19:17.553487,ablation_vivit_ww,1,test,148,0.5640408396720886,1.0,11.0,0.5,/root/private_data/NMI_Project_Val/checkpoints/kfold5_kvt_vivit_pretrained_cobb11/fold_1/checkpoint_best.pth
2026-05-27T23:19:17.553487,ablation_vivit_ww,1,test,149,0.6378642916679382,1.0,11.0,0.5,/root/private_data/NMI_Project_Val/checkpoints/kfold5_kvt_vivit_pretrained_cobb11/fold_1/checkpoint_best.pth
2026-05-27T23:19:17.553487,ablation_vivit_ww,1,test,150,0.6224429607391357,1.0,11.0,0.5,/root/private_data/NMI_Project_Val/checkpoints/kfold5_kvt_vivit_pretrained_cobb11/fold_1/checkpoint_best.pth
2026-05-27T23:19:17.553487,ablation_vivit_ww,1,test,151,0.6053702235221863,1.0,11.0,0.5,/root/private_data/NMI_Project_Val/checkpoints/kfold5_kvt_vivit_pretrained_cobb11/fold_1/checkpoint_best.pth
2026-05-27T23:19:17.553487,ablation_vivit_ww,1,test,152,0.5345410704612732,1.0,11.0,0.5,/root/private_data/NMI_Project_Val/checkpoints/kfold5_kvt_vivit_pretrained_cobb11/fold_1/checkpoint_best.pth
2026-05-27T23:19:17.553487,ablation_vivit_ww,1,test,153,0.41708821058273315,1.0,11.0,0.5,/root/private_data/NMI_Project_Val/checkpoints/kfold5_kvt_vivit_pretrained_cobb11/fold_1/checkpoint_best.pth
2026-05-27T23:19:17.553487,ablation_vivit_ww,1,test,154,0.5003781914710999,1.0,11.0,0.5,/root/private_data/NMI_Project_Val/checkpoints/kfold5_kvt_vivit_pretrained_cobb11/fold_1/checkpoint_best.pth
2026-05-27T23:19:17.553487,ablation_vivit_ww,1,test,155,0.3395869731903076,1.0,11.0,0.5,/root/private_data/NMI_Project_Val/checkpoints/kfold5_kvt_vivit_pretrained_cobb11/fold_1/checkpoint_best.pth
2026-05-27T23:19:17.553487,ablation_vivit_ww,1,test,156,0.5187745094299316,1.0,11.0,0.5,/root/private_data/NMI_Project_Val/checkpoints/kfold5_kvt_vivit_pretrained_cobb11/fold_1/checkpoint_best.pth
2026-05-27T23:19:17.553487,ablation_vivit_ww,1,test,157,0.6044710278511047,1.0,11.0,0.5,/root/private_data/NMI_Project_Val/checkpoints/kfold5_kvt_vivit_pretrained_cobb11/fold_1/checkpoint_best.pth
2026-05-27T23:19:17.553487,ablation_vivit_ww,1,test,158,0.5016136169433594,1.0,11.0,0.5,/root/private_data/NMI_Project_Val/checkpoints/kfold5_kvt_vivit_pretrained_cobb11/fold_1/checkpoint_best.pth
2026-05-27T23:19:17.553487,ablation_vivit_ww,1,test,159,0.5438330173492432,1.0,11.0,0.5,/root/private_data/NMI_Project_Val/checkpoints/kfold5_kvt_vivit_pretrained_cobb11/fold_1/checkpoint_best.pth
2026-05-27T23:19:17.553487,ablation_vivit_ww,1,test,160,0.7674828171730042,1.0,11.0,0.5,/root/private_data/NMI_Project_Val/checkpoints/kfold5_kvt_vivit_pretrained_cobb11/fold_1/checkpoint_best.pth
2026-05-27T23:19:17.553487,ablation_vivit_ww,1,test,161,0.608439564704895,1.0,11.0,0.5,/root/private_data/NMI_Project_Val/checkpoints/kfold5_kvt_vivit_pretrained_cobb11/fold_1/checkpoint_best.pth
2026-05-27T23:19:17.553487,ablation_vivit_ww,1,test,162,0.47561225295066833,1.0,11.0,0.5,/root/private_data/NMI_Project_Val/checkpoints/kfold5_kvt_vivit_pretrained_cobb11/fold_1/checkpoint_best.pth
2026-05-27T23:19:17.553487,ablation_vivit_ww,1,test,163,0.6048409938812256,1.0,11.0,0.5,/root/private_data/NMI_Project_Val/checkpoints/kfold5_kvt_vivit_pretrained_cobb11/fold_1/checkpoint_best.pth
2026-05-27T23:19:17.553487,ablation_vivit_ww,1,test,164,0.4845060408115387,1.0,11.0,0.5,/root/private_data/NMI_Project_Val/checkpoints/kfold5_kvt_vivit_pretrained_cobb11/fold_1/checkpoint_best.pth
2026-05-27T23:19:17.553487,ablation_vivit_ww,1,test,165,0.5061028599739075,1.0,11.0,0.5,/root/private_data/NMI_Project_Val/checkpoints/kfold5_kvt_vivit_pretrained_cobb11/fold_1/checkpoint_best.pth
2026-05-27T23:19:17.553487,ablation_vivit_ww,1,test,166,0.47506168484687805,1.0,11.0,0.5,/root/private_data/NMI_Project_Val/checkpoints/kfold5_kvt_vivit_pretrained_cobb11/fold_1/checkpoint_best.pth
2026-05-27T23:19:17.553487,ablation_vivit_ww,1,test,167,0.583504855632782,1.0,11.0,0.5,/root/private_data/NMI_Project_Val/checkpoints/kfold5_kvt_vivit_pretrained_cobb11/fold_1/checkpoint_best.pth
2026-05-27T23:19:17.553487,ablation_vivit_ww,1,test,168,0.5469912886619568,1.0,11.0,0.5,/root/private_data/NMI_Project_Val/checkpoints/kfold5_kvt_vivit_pretrained_cobb11/fold_1/checkpoint_best.pth
2026-05-27T23:19:17.553487,ablation_vivit_ww,1,test,169,0.5245619416236877,1.0,11.0,0.5,/root/private_data/NMI_Project_Val/checkpoints/kfold5_kvt_vivit_pretrained_cobb11/fold_1/checkpoint_best.pth
2026-05-27T23:19:17.553487,ablation_vivit_ww,1,test,170,0.47812774777412415,1.0,11.0,0.5,/root/private_data/NMI_Project_Val/checkpoints/kfold5_kvt_vivit_pretrained_cobb11/fold_1/checkpoint_best.pth
2026-05-27T23:19:17.553487,ablation_vivit_ww,1,test,171,0.43827757239341736,1.0,11.0,0.5,/root/private_data/NMI_Project_Val/checkpoints/kfold5_kvt_vivit_pretrained_cobb11/fold_1/checkpoint_best.pth
2026-05-27T23:19:17.553487,ablation_vivit_ww,1,test,172,0.5778182148933411,1.0,11.0,0.5,/root/private_data/NMI_Project_Val/checkpoints/kfold5_kvt_vivit_pretrained_cobb11/fold_1/checkpoint_best.pth
2026-05-27T23:19:17.553487,ablation_vivit_ww,1,test,173,0.4693511426448822,1.0,11.0,0.5,/root/private_data/NMI_Project_Val/checkpoints/kfold5_kvt_vivit_pretrained_cobb11/fold_1/checkpoint_best.pth
2026-05-27T23:19:17.553487,ablation_vivit_ww,1,test,174,0.5152372121810913,1.0,11.0,0.5,/root/private_data/NMI_Project_Val/checkpoints/kfold5_kvt_vivit_pretrained_cobb11/fold_1/checkpoint_best.pth
2026-05-27T23:19:17.553487,ablation_vivit_ww,1,test,175,0.49807116389274597,1.0,11.0,0.5,/root/private_data/NMI_Project_Val/checkpoints/kfold5_kvt_vivit_pretrained_cobb11/fold_1/checkpoint_best.pth
2026-05-27T23:19:17.553487,ablation_vivit_ww,1,test,176,0.4783729314804077,1.0,11.0,0.5,/root/private_data/NMI_Project_Val/checkpoints/kfold5_kvt_vivit_pretrained_cobb11/fold_1/checkpoint_best.pth
2026-05-27T23:19:17.553487,ablation_vivit_ww,1,test,177,0.4594842791557312,1.0,11.0,0.5,/root/private_data/NMI_Project_Val/checkpoints/kfold5_kvt_vivit_pretrained_cobb11/fold_1/checkpoint_best.pth
2026-05-27T23:19:17.553487,ablation_vivit_ww,1,test,178,0.41341283917427063,1.0,11.0,0.5,/root/private_data/NMI_Project_Val/checkpoints/kfold5_kvt_vivit_pretrained_cobb11/fold_1/checkpoint_best.pth
2026-05-27T23:19:17.553487,ablation_vivit_ww,1,test,179,0.6203184127807617,1.0,11.0,0.5,/root/private_data/NMI_Project_Val/checkpoints/kfold5_kvt_vivit_pretrained_cobb11/fold_1/checkpoint_best.pth
2026-05-27T23:19:17.553487,ablation_vivit_ww,1,test,180,0.5936355590820312,0.0,11.0,0.5,/root/private_data/NMI_Project_Val/checkpoints/kfold5_kvt_vivit_pretrained_cobb11/fold_1/checkpoint_best.pth
2026-05-27T23:19:17.553487,ablation_vivit_ww,1,test,181,0.6073666214942932,0.0,11.0,0.5,/root/private_data/NMI_Project_Val/checkpoints/kfold5_kvt_vivit_pretrained_cobb11/fold_1/checkpoint_best.pth
2026-05-27T23:19:17.553487,ablation_vivit_ww,1,test,182,0.4737340211868286,1.0,11.0,0.5,/root/private_data/NMI_Project_Val/checkpoints/kfold5_kvt_vivit_pretrained_cobb11/fold_1/checkpoint_best.pth
2026-05-27T23:19:17.553487,ablation_vivit_ww,1,test,183,0.5592746734619141,1.0,11.0,0.5,/root/private_data/NMI_Project_Val/checkpoints/kfold5_kvt_vivit_pretrained_cobb11/fold_1/checkpoint_best.pth
2026-05-27T23:19:17.553487,ablation_vivit_ww,1,test,184,0.5407631397247314,1.0,11.0,0.5,/root/private_data/NMI_Project_Val/checkpoints/kfold5_kvt_vivit_pretrained_cobb11/fold_1/checkpoint_best.pth
2026-05-27T23:19:17.553487,ablation_vivit_ww,1,test,185,0.4683854877948761,0.0,11.0,0.5,/root/private_data/NMI_Project_Val/checkpoints/kfold5_kvt_vivit_pretrained_cobb11/fold_1/checkpoint_best.pth
2026-05-27T23:19:17.553487,ablation_vivit_ww,1,test,186,0.5909398198127747,1.0,11.0,0.5,/root/private_data/NMI_Project_Val/checkpoints/kfold5_kvt_vivit_pretrained_cobb11/fold_1/checkpoint_best.pth
2026-05-27T23:19:17.553487,ablation_vivit_ww,1,test,187,0.5608822107315063,1.0,11.0,0.5,/root/private_data/NMI_Project_Val/checkpoints/kfold5_kvt_vivit_pretrained_cobb11/fold_1/checkpoint_best.pth
2026-05-27T23:19:17.553487,ablation_vivit_ww,1,test,188,0.39230236411094666,1.0,11.0,0.5,/root/private_data/NMI_Project_Val/checkpoints/kfold5_kvt_vivit_pretrained_cobb11/fold_1/checkpoint_best.pth
2026-05-27T23:19:17.553487,ablation_vivit_ww,1,test,189,0.5767136216163635,1.0,11.0,0.5,/root/private_data/NMI_Project_Val/checkpoints/kfold5_kvt_vivit_pretrained_cobb11/fold_1/checkpoint_best.pth
2026-05-27T23:19:17.553487,ablation_vivit_ww,1,test,190,0.6227995753288269,1.0,11.0,0.5,/root/private_data/NMI_Project_Val/checkpoints/kfold5_kvt_vivit_pretrained_cobb11/fold_1/checkpoint_best.pth
2026-05-27T23:19:17.553487,ablation_vivit_ww,1,test,191,0.5113789439201355,1.0,11.0,0.5,/root/private_data/NMI_Project_Val/checkpoints/kfold5_kvt_vivit_pretrained_cobb11/fold_1/checkpoint_best.pth
2026-05-27T23:19:17.553487,ablation_vivit_ww,1,test,192,0.44814005494117737,1.0,11.0,0.5,/root/private_data/NMI_Project_Val/checkpoints/kfold5_kvt_vivit_pretrained_cobb11/fold_1/checkpoint_best.pth
2026-05-27T23:19:17.553487,ablation_vivit_ww,1,test,193,0.5744824409484863,1.0,11.0,0.5,/root/private_data/NMI_Project_Val/checkpoints/kfold5_kvt_vivit_pretrained_cobb11/fold_1/checkpoint_best.pth
2026-05-27T23:19:17.553487,ablation_vivit_ww,1,test,194,0.5011848211288452,1.0,11.0,0.5,/root/private_data/NMI_Project_Val/checkpoints/kfold5_kvt_vivit_pretrained_cobb11/fold_1/checkpoint_best.pth
2026-05-27T23:19:17.553487,ablation_vivit_ww,1,test,195,0.49776071310043335,1.0,11.0,0.5,/root/private_data/NMI_Project_Val/checkpoints/kfold5_kvt_vivit_pretrained_cobb11/fold_1/checkpoint_best.pth
2026-05-27T23:19:17.553487,ablation_vivit_ww,1,test,196,0.531982958316803,1.0,11.0,0.5,/root/private_data/NMI_Project_Val/checkpoints/kfold5_kvt_vivit_pretrained_cobb11/fold_1/checkpoint_best.pth
2026-05-27T23:19:17.553487,ablation_vivit_ww,1,test,197,0.5440307259559631,1.0,11.0,0.5,/root/private_data/NMI_Project_Val/checkpoints/kfold5_kvt_vivit_pretrained_cobb11/fold_1/checkpoint_best.pth
2026-05-27T23:19:17.553487,ablation_vivit_ww,1,test,198,0.495853990316391,1.0,11.0,0.5,/root/private_data/NMI_Project_Val/checkpoints/kfold5_kvt_vivit_pretrained_cobb11/fold_1/checkpoint_best.pth
2026-05-27T23:19:17.553487,ablation_vivit_ww,1,test,199,0.5564263463020325,1.0,11.0,0.5,/root/private_data/NMI_Project_Val/checkpoints/kfold5_kvt_vivit_pretrained_cobb11/fold_1/checkpoint_best.pth
2026-05-27T23:19:17.553487,ablation_vivit_ww,1,test,200,0.5139312744140625,1.0,11.0,0.5,/root/private_data/NMI_Project_Val/checkpoints/kfold5_kvt_vivit_pretrained_cobb11/fold_1/checkpoint_best.pth
2026-05-27T23:19:17.553487,ablation_vivit_ww,1,test,201,0.48101404309272766,1.0,11.0,0.5,/root/private_data/NMI_Project_Val/checkpoints/kfold5_kvt_vivit_pretrained_cobb11/fold_1/checkpoint_best.pth
2026-05-27T23:19:17.553487,ablation_vivit_ww,1,test,202,0.41357508301734924,0.0,11.0,0.5,/root/private_data/NMI_Project_Val/checkpoints/kfold5_kvt_vivit_pretrained_cobb11/fold_1/checkpoint_best.pth
2026-05-27T23:19:17.553487,ablation_vivit_ww,1,test,203,0.44610264897346497,0.0,11.0,0.5,/root/private_data/NMI_Project_Val/checkpoints/kfold5_kvt_vivit_pretrained_cobb11/fold_1/checkpoint_best.pth
2026-05-27T23:19:17.553487,ablation_vivit_ww,1,test,204,0.6244182586669922,1.0,11.0,0.5,/root/private_data/NMI_Project_Val/checkpoints/kfold5_kvt_vivit_pretrained_cobb11/fold_1/checkpoint_best.pth
2026-05-27T23:19:17.553487,ablation_vivit_ww,1,test,205,0.5024836659431458,1.0,11.0,0.5,/root/private_data/NMI_Project_Val/checkpoints/kfold5_kvt_vivit_pretrained_cobb11/fold_1/checkpoint_best.pth
2026-05-27T23:19:17.553487,ablation_vivit_ww,1,test,206,0.6115286946296692,1.0,11.0,0.5,/root/private_data/NMI_Project_Val/checkpoints/kfold5_kvt_vivit_pretrained_cobb11/fold_1/checkpoint_best.pth
2026-05-27T23:19:17.553487,ablation_vivit_ww,1,test,207,0.6091001629829407,1.0,11.0,0.5,/root/private_data/NMI_Project_Val/checkpoints/kfold5_kvt_vivit_pretrained_cobb11/fold_1/checkpoint_best.pth
2026-05-27T23:19:17.553487,ablation_vivit_ww,1,test,208,0.3332767188549042,1.0,11.0,0.5,/root/private_data/NMI_Project_Val/checkpoints/kfold5_kvt_vivit_pretrained_cobb11/fold_1/checkpoint_best.pth
2026-05-27T23:19:17.553487,ablation_vivit_ww,1,test,209,0.513627290725708,1.0,11.0,0.5,/root/private_data/NMI_Project_Val/checkpoints/kfold5_kvt_vivit_pretrained_cobb11/fold_1/checkpoint_best.pth
2026-05-27T23:19:17.553487,ablation_vivit_ww,1,test,210,0.6408541202545166,1.0,11.0,0.5,/root/private_data/NMI_Project_Val/checkpoints/kfold5_kvt_vivit_pretrained_cobb11/fold_1/checkpoint_best.pth
2026-05-27T23:19:17.553487,ablation_vivit_ww,1,test,211,0.6281815767288208,1.0,11.0,0.5,/root/private_data/NMI_Project_Val/checkpoints/kfold5_kvt_vivit_pretrained_cobb11/fold_1/checkpoint_best.pth
2026-05-27T23:19:17.553487,ablation_vivit_ww,1,test,212,0.6353697776794434,1.0,11.0,0.5,/root/private_data/NMI_Project_Val/checkpoints/kfold5_kvt_vivit_pretrained_cobb11/fold_1/checkpoint_best.pth
2026-05-27T23:19:17.553487,ablation_vivit_ww,1,test,213,0.6323766112327576,1.0,11.0,0.5,/root/private_data/NMI_Project_Val/checkpoints/kfold5_kvt_vivit_pretrained_cobb11/fold_1/checkpoint_best.pth
2026-05-27T23:19:17.553487,ablation_vivit_ww,1,test,214,0.5435053110122681,1.0,11.0,0.5,/root/private_data/NMI_Project_Val/checkpoints/kfold5_kvt_vivit_pretrained_cobb11/fold_1/checkpoint_best.pth
2026-05-27T23:19:17.553487,ablation_vivit_ww,1,test,215,0.6243681907653809,1.0,11.0,0.5,/root/private_data/NMI_Project_Val/checkpoints/kfold5_kvt_vivit_pretrained_cobb11/fold_1/checkpoint_best.pth
2026-05-27T23:19:17.553487,ablation_vivit_ww,1,test,216,0.6833630800247192,1.0,11.0,0.5,/root/private_data/NMI_Project_Val/checkpoints/kfold5_kvt_vivit_pretrained_cobb11/fold_1/checkpoint_best.pth
2026-05-27T23:19:17.553487,ablation_vivit_ww,1,test,217,0.7219899296760559,1.0,11.0,0.5,/root/private_data/NMI_Project_Val/checkpoints/kfold5_kvt_vivit_pretrained_cobb11/fold_1/checkpoint_best.pth
2026-05-27T23:19:17.553487,ablation_vivit_ww,1,test,218,0.39488744735717773,1.0,11.0,0.5,/root/private_data/NMI_Project_Val/checkpoints/kfold5_kvt_vivit_pretrained_cobb11/fold_1/checkpoint_best.pth
2026-05-27T23:19:17.553487,ablation_vivit_ww,1,test,219,0.6916762590408325,1.0,11.0,0.5,/root/private_data/NMI_Project_Val/checkpoints/kfold5_kvt_vivit_pretrained_cobb11/fold_1/checkpoint_best.pth
2026-05-27T23:19:17.553487,ablation_vivit_ww,1,test,220,0.704039454460144,1.0,11.0,0.5,/root/private_data/NMI_Project_Val/checkpoints/kfold5_kvt_vivit_pretrained_cobb11/fold_1/checkpoint_best.pth
2026-05-27T23:19:17.553487,ablation_vivit_ww,1,test,221,0.5674408078193665,1.0,11.0,0.5,/root/private_data/NMI_Project_Val/checkpoints/kfold5_kvt_vivit_pretrained_cobb11/fold_1/checkpoint_best.pth
2026-05-27T23:19:17.553487,ablation_vivit_ww,1,test,222,0.5459640026092529,1.0,11.0,0.5,/root/private_data/NMI_Project_Val/checkpoints/kfold5_kvt_vivit_pretrained_cobb11/fold_1/checkpoint_best.pth
2026-05-27T23:19:17.553487,ablation_vivit_ww,1,test,223,0.5689216256141663,1.0,11.0,0.5,/root/private_data/NMI_Project_Val/checkpoints/kfold5_kvt_vivit_pretrained_cobb11/fold_1/checkpoint_best.pth
2026-05-27T23:19:17.553487,ablation_vivit_ww,1,test,224,0.5033602714538574,1.0,11.0,0.5,/root/private_data/NMI_Project_Val/checkpoints/kfold5_kvt_vivit_pretrained_cobb11/fold_1/checkpoint_best.pth
2026-05-27T23:19:17.553487,ablation_vivit_ww,1,test,225,0.5925102233886719,1.0,11.0,0.5,/root/private_data/NMI_Project_Val/checkpoints/kfold5_kvt_vivit_pretrained_cobb11/fold_1/checkpoint_best.pth
2026-05-27T23:19:17.553487,ablation_vivit_ww,1,test,226,0.5108102560043335,1.0,11.0,0.5,/root/private_data/NMI_Project_Val/checkpoints/kfold5_kvt_vivit_pretrained_cobb11/fold_1/checkpoint_best.pth
2026-05-27T23:19:17.553487,ablation_vivit_ww,1,test,227,0.4852675199508667,1.0,11.0,0.5,/root/private_data/NMI_Project_Val/checkpoints/kfold5_kvt_vivit_pretrained_cobb11/fold_1/checkpoint_best.pth
2026-05-27T23:19:17.553487,ablation_vivit_ww,1,test,228,0.647678554058075,1.0,11.0,0.5,/root/private_data/NMI_Project_Val/checkpoints/kfold5_kvt_vivit_pretrained_cobb11/fold_1/checkpoint_best.pth
2026-05-27T23:19:17.553487,ablation_vivit_ww,1,test,229,0.5403826236724854,1.0,11.0,0.5,/root/private_data/NMI_Project_Val/checkpoints/kfold5_kvt_vivit_pretrained_cobb11/fold_1/checkpoint_best.pth
2026-05-27T23:19:17.553487,ablation_vivit_ww,1,test,230,0.5036178827285767,1.0,11.0,0.5,/root/private_data/NMI_Project_Val/checkpoints/kfold5_kvt_vivit_pretrained_cobb11/fold_1/checkpoint_best.pth
2026-05-27T23:19:17.553487,ablation_vivit_ww,1,test,231,0.4904491603374481,1.0,11.0,0.5,/root/private_data/NMI_Project_Val/checkpoints/kfold5_kvt_vivit_pretrained_cobb11/fold_1/checkpoint_best.pth
2026-05-27T23:19:17.553487,ablation_vivit_ww,1,test,232,0.6341236233711243,1.0,11.0,0.5,/root/private_data/NMI_Project_Val/checkpoints/kfold5_kvt_vivit_pretrained_cobb11/fold_1/checkpoint_best.pth
2026-05-27T23:19:17.553487,ablation_vivit_ww,1,test,233,0.2951137125492096,1.0,11.0,0.5,/root/private_data/NMI_Project_Val/checkpoints/kfold5_kvt_vivit_pretrained_cobb11/fold_1/checkpoint_best.pth
2026-05-27T23:19:17.553487,ablation_vivit_ww,1,test,234,0.616365909576416,1.0,11.0,0.5,/root/private_data/NMI_Project_Val/checkpoints/kfold5_kvt_vivit_pretrained_cobb11/fold_1/checkpoint_best.pth
2026-05-27T23:19:17.553487,ablation_vivit_ww,1,test,235,0.5994205474853516,1.0,11.0,0.5,/root/private_data/NMI_Project_Val/checkpoints/kfold5_kvt_vivit_pretrained_cobb11/fold_1/checkpoint_best.pth
2026-05-27T23:19:17.553487,ablation_vivit_ww,1,test,236,0.430763840675354,0.0,11.0,0.5,/root/private_data/NMI_Project_Val/checkpoints/kfold5_kvt_vivit_pretrained_cobb11/fold_1/checkpoint_best.pth
2026-05-27T23:19:17.553487,ablation_vivit_ww,1,test,237,0.5863004326820374,1.0,11.0,0.5,/root/private_data/NMI_Project_Val/checkpoints/kfold5_kvt_vivit_pretrained_cobb11/fold_1/checkpoint_best.pth
2026-05-27T23:19:17.553487,ablation_vivit_ww,1,test,238,0.5351024866104126,1.0,11.0,0.5,/root/private_data/NMI_Project_Val/checkpoints/kfold5_kvt_vivit_pretrained_cobb11/fold_1/checkpoint_best.pth
2026-05-27T23:19:17.553487,ablation_vivit_ww,1,test,239,0.6289116144180298,1.0,11.0,0.5,/root/private_data/NMI_Project_Val/checkpoints/kfold5_kvt_vivit_pretrained_cobb11/fold_1/checkpoint_best.pth
2026-05-27T23:19:17.553487,ablation_vivit_ww,1,test,240,0.4395754039287567,1.0,11.0,0.5,/root/private_data/NMI_Project_Val/checkpoints/kfold5_kvt_vivit_pretrained_cobb11/fold_1/checkpoint_best.pth
2026-05-27T23:19:17.553487,ablation_vivit_ww,1,test,241,0.43652552366256714,1.0,11.0,0.5,/root/private_data/NMI_Project_Val/checkpoints/kfold5_kvt_vivit_pretrained_cobb11/fold_1/checkpoint_best.pth
2026-05-27T23:19:17.553487,ablation_vivit_ww,1,test,242,0.7029329538345337,1.0,11.0,0.5,/root/private_data/NMI_Project_Val/checkpoints/kfold5_kvt_vivit_pretrained_cobb11/fold_1/checkpoint_best.pth
2026-05-27T23:19:17.553487,ablation_vivit_ww,1,test,243,0.726237416267395,1.0,11.0,0.5,/root/private_data/NMI_Project_Val/checkpoints/kfold5_kvt_vivit_pretrained_cobb11/fold_1/checkpoint_best.pth
2026-05-27T23:19:17.553487,ablation_vivit_ww,1,test,244,0.7097535133361816,1.0,11.0,0.5,/root/private_data/NMI_Project_Val/checkpoints/kfold5_kvt_vivit_pretrained_cobb11/fold_1/checkpoint_best.pth
2026-05-27T23:19:17.553487,ablation_vivit_ww,1,test,245,0.6036413908004761,1.0,11.0,0.5,/root/private_data/NMI_Project_Val/checkpoints/kfold5_kvt_vivit_pretrained_cobb11/fold_1/checkpoint_best.pth
2026-05-27T23:19:17.553487,ablation_vivit_ww,1,test,246,0.46341127157211304,0.0,11.0,0.5,/root/private_data/NMI_Project_Val/checkpoints/kfold5_kvt_vivit_pretrained_cobb11/fold_1/checkpoint_best.pth
2026-05-27T23:19:17.553487,ablation_vivit_ww,1,test,247,0.4444487392902374,0.0,11.0,0.5,/root/private_data/NMI_Project_Val/checkpoints/kfold5_kvt_vivit_pretrained_cobb11/fold_1/checkpoint_best.pth
2026-05-27T23:19:17.553487,ablation_vivit_ww,1,test,248,0.41143158078193665,1.0,11.0,0.5,/root/private_data/NMI_Project_Val/checkpoints/kfold5_kvt_vivit_pretrained_cobb11/fold_1/checkpoint_best.pth
2026-05-27T23:19:17.553487,ablation_vivit_ww,1,test,249,0.6323477029800415,1.0,11.0,0.5,/root/private_data/NMI_Project_Val/checkpoints/kfold5_kvt_vivit_pretrained_cobb11/fold_1/checkpoint_best.pth
2026-05-27T23:19:17.553487,ablation_vivit_ww,1,test,250,0.5849334597587585,1.0,11.0,0.5,/root/private_data/NMI_Project_Val/checkpoints/kfold5_kvt_vivit_pretrained_cobb11/fold_1/checkpoint_best.pth
2026-05-27T23:19:17.553487,ablation_vivit_ww,1,test,251,0.6009605526924133,1.0,11.0,0.5,/root/private_data/NMI_Project_Val/checkpoints/kfold5_kvt_vivit_pretrained_cobb11/fold_1/checkpoint_best.pth
2026-05-27T23:19:17.553487,ablation_vivit_ww,1,test,252,0.4040185511112213,1.0,11.0,0.5,/root/private_data/NMI_Project_Val/checkpoints/kfold5_kvt_vivit_pretrained_cobb11/fold_1/checkpoint_best.pth
2026-05-27T23:19:17.553487,ablation_vivit_ww,1,test,253,0.6418471336364746,1.0,11.0,0.5,/root/private_data/NMI_Project_Val/checkpoints/kfold5_kvt_vivit_pretrained_cobb11/fold_1/checkpoint_best.pth
2026-05-27T23:19:17.553487,ablation_vivit_ww,1,test,254,0.474669486284256,1.0,11.0,0.5,/root/private_data/NMI_Project_Val/checkpoints/kfold5_kvt_vivit_pretrained_cobb11/fold_1/checkpoint_best.pth
2026-05-27T23:19:17.553487,ablation_vivit_ww,1,test,255,0.6491997241973877,1.0,11.0,0.5,/root/private_data/NMI_Project_Val/checkpoints/kfold5_kvt_vivit_pretrained_cobb11/fold_1/checkpoint_best.pth
2026-05-27T23:19:17.553487,ablation_vivit_ww,1,test,256,0.6812964081764221,1.0,11.0,0.5,/root/private_data/NMI_Project_Val/checkpoints/kfold5_kvt_vivit_pretrained_cobb11/fold_1/checkpoint_best.pth
2026-05-27T23:19:17.553487,ablation_vivit_ww,1,test,257,0.6534897685050964,1.0,11.0,0.5,/root/private_data/NMI_Project_Val/checkpoints/kfold5_kvt_vivit_pretrained_cobb11/fold_1/checkpoint_best.pth
2026-05-27T23:19:17.553487,ablation_vivit_ww,1,test,258,0.4140883982181549,1.0,11.0,0.5,/root/private_data/NMI_Project_Val/checkpoints/kfold5_kvt_vivit_pretrained_cobb11/fold_1/checkpoint_best.pth
2026-05-27T23:19:17.553487,ablation_vivit_ww,1,test,259,0.5044769048690796,1.0,11.0,0.5,/root/private_data/NMI_Project_Val/checkpoints/kfold5_kvt_vivit_pretrained_cobb11/fold_1/checkpoint_best.pth
2026-05-27T23:19:17.553487,ablation_vivit_ww,1,test,260,0.6602481603622437,1.0,11.0,0.5,/root/private_data/NMI_Project_Val/checkpoints/kfold5_kvt_vivit_pretrained_cobb11/fold_1/checkpoint_best.pth
2026-05-27T23:19:17.553487,ablation_vivit_ww,1,test,261,0.5131415128707886,1.0,11.0,0.5,/root/private_data/NMI_Project_Val/checkpoints/kfold5_kvt_vivit_pretrained_cobb11/fold_1/checkpoint_best.pth
2026-05-27T23:19:17.553487,ablation_vivit_ww,1,test,262,0.41106048226356506,1.0,11.0,0.5,/root/private_data/NMI_Project_Val/checkpoints/kfold5_kvt_vivit_pretrained_cobb11/fold_1/checkpoint_best.pth
2026-05-27T23:19:17.553487,ablation_vivit_ww,1,test,263,0.4416784644126892,1.0,11.0,0.5,/root/private_data/NMI_Project_Val/checkpoints/kfold5_kvt_vivit_pretrained_cobb11/fold_1/checkpoint_best.pth
2026-05-27T23:19:17.553487,ablation_vivit_ww,1,test,264,0.5992845296859741,1.0,11.0,0.5,/root/private_data/NMI_Project_Val/checkpoints/kfold5_kvt_vivit_pretrained_cobb11/fold_1/checkpoint_best.pth
2026-05-27T23:19:17.553487,ablation_vivit_ww,1,test,265,0.6284043788909912,1.0,11.0,0.5,/root/private_data/NMI_Project_Val/checkpoints/kfold5_kvt_vivit_pretrained_cobb11/fold_1/checkpoint_best.pth
2026-05-27T23:19:17.553487,ablation_vivit_ww,1,test,266,0.5516889691352844,1.0,11.0,0.5,/root/private_data/NMI_Project_Val/checkpoints/kfold5_kvt_vivit_pretrained_cobb11/fold_1/checkpoint_best.pth
2026-05-27T23:19:17.553487,ablation_vivit_ww,1,test,267,0.47365671396255493,1.0,11.0,0.5,/root/private_data/NMI_Project_Val/checkpoints/kfold5_kvt_vivit_pretrained_cobb11/fold_1/checkpoint_best.pth
2026-05-27T23:19:17.553487,ablation_vivit_ww,1,test,268,0.4217175543308258,1.0,11.0,0.5,/root/private_data/NMI_Project_Val/checkpoints/kfold5_kvt_vivit_pretrained_cobb11/fold_1/checkpoint_best.pth
2026-05-27T23:19:17.553487,ablation_vivit_ww,1,test,269,0.4683651924133301,0.0,11.0,0.5,/root/private_data/NMI_Project_Val/checkpoints/kfold5_kvt_vivit_pretrained_cobb11/fold_1/checkpoint_best.pth
2026-05-27T23:19:17.553487,ablation_vivit_ww,1,test,270,0.5095218420028687,0.0,11.0,0.5,/root/private_data/NMI_Project_Val/checkpoints/kfold5_kvt_vivit_pretrained_cobb11/fold_1/checkpoint_best.pth
2026-05-27T23:19:17.553487,ablation_vivit_ww,1,test,271,0.5364385843276978,1.0,11.0,0.5,/root/private_data/NMI_Project_Val/checkpoints/kfold5_kvt_vivit_pretrained_cobb11/fold_1/checkpoint_best.pth
2026-05-27T23:19:17.553487,ablation_vivit_ww,1,test,272,0.7201848030090332,1.0,11.0,0.5,/root/private_data/NMI_Project_Val/checkpoints/kfold5_kvt_vivit_pretrained_cobb11/fold_1/checkpoint_best.pth
2026-05-27T23:19:17.553487,ablation_vivit_ww,1,test,273,0.5003252029418945,1.0,11.0,0.5,/root/private_data/NMI_Project_Val/checkpoints/kfold5_kvt_vivit_pretrained_cobb11/fold_1/checkpoint_best.pth
2026-05-27T23:19:17.553487,ablation_vivit_ww,1,test,274,0.5968920588493347,1.0,11.0,0.5,/root/private_data/NMI_Project_Val/checkpoints/kfold5_kvt_vivit_pretrained_cobb11/fold_1/checkpoint_best.pth
2026-05-27T23:19:17.553487,ablation_vivit_ww,1,test,275,0.6142739653587341,1.0,11.0,0.5,/root/private_data/NMI_Project_Val/checkpoints/kfold5_kvt_vivit_pretrained_cobb11/fold_1/checkpoint_best.pth
2026-05-27T23:19:17.553487,ablation_vivit_ww,1,test,276,0.6708617806434631,0.0,11.0,0.5,/root/private_data/NMI_Project_Val/checkpoints/kfold5_kvt_vivit_pretrained_cobb11/fold_1/checkpoint_best.pth
2026-05-27T23:19:17.553487,ablation_vivit_ww,1,test,277,0.575793981552124,1.0,11.0,0.5,/root/private_data/NMI_Project_Val/checkpoints/kfold5_kvt_vivit_pretrained_cobb11/fold_1/checkpoint_best.pth
2026-05-27T23:19:17.553487,ablation_vivit_ww,1,test,278,0.637347936630249,1.0,11.0,0.5,/root/private_data/NMI_Project_Val/checkpoints/kfold5_kvt_vivit_pretrained_cobb11/fold_1/checkpoint_best.pth
2026-05-27T23:19:17.553487,ablation_vivit_ww,1,test,279,0.5247641801834106,1.0,11.0,0.5,/root/private_data/NMI_Project_Val/checkpoints/kfold5_kvt_vivit_pretrained_cobb11/fold_1/checkpoint_best.pth
2026-05-27T23:19:17.553487,ablation_vivit_ww,1,test,280,0.6939562559127808,1.0,11.0,0.5,/root/private_data/NMI_Project_Val/checkpoints/kfold5_kvt_vivit_pretrained_cobb11/fold_1/checkpoint_best.pth
2026-05-27T23:19:17.553487,ablation_vivit_ww,1,test,281,0.6345335841178894,1.0,11.0,0.5,/root/private_data/NMI_Project_Val/checkpoints/kfold5_kvt_vivit_pretrained_cobb11/fold_1/checkpoint_best.pth
2026-05-27T23:19:17.553487,ablation_vivit_ww,1,test,282,0.4579494297504425,1.0,11.0,0.5,/root/private_data/NMI_Project_Val/checkpoints/kfold5_kvt_vivit_pretrained_cobb11/fold_1/checkpoint_best.pth
2026-05-27T23:19:17.553487,ablation_vivit_ww,1,test,283,0.5490148067474365,1.0,11.0,0.5,/root/private_data/NMI_Project_Val/checkpoints/kfold5_kvt_vivit_pretrained_cobb11/fold_1/checkpoint_best.pth
2026-05-27T23:19:17.553487,ablation_vivit_ww,1,test,284,0.5054989457130432,1.0,11.0,0.5,/root/private_data/NMI_Project_Val/checkpoints/kfold5_kvt_vivit_pretrained_cobb11/fold_1/checkpoint_best.pth
2026-05-27T23:19:17.553487,ablation_vivit_ww,1,test,285,0.5802736878395081,0.0,11.0,0.5,/root/private_data/NMI_Project_Val/checkpoints/kfold5_kvt_vivit_pretrained_cobb11/fold_1/checkpoint_best.pth
2026-05-27T23:19:17.553487,ablation_vivit_ww,1,test,286,0.5231003165245056,1.0,11.0,0.5,/root/private_data/NMI_Project_Val/checkpoints/kfold5_kvt_vivit_pretrained_cobb11/fold_1/checkpoint_best.pth
2026-05-27T23:19:17.553487,ablation_vivit_ww,1,test,287,0.6219809651374817,1.0,11.0,0.5,/root/private_data/NMI_Project_Val/checkpoints/kfold5_kvt_vivit_pretrained_cobb11/fold_1/checkpoint_best.pth
2026-05-27T23:19:17.553487,ablation_vivit_ww,1,test,288,0.47658810019493103,1.0,11.0,0.5,/root/private_data/NMI_Project_Val/checkpoints/kfold5_kvt_vivit_pretrained_cobb11/fold_1/checkpoint_best.pth
2026-05-27T23:19:17.553487,ablation_vivit_ww,1,test,289,0.5959286689758301,1.0,11.0,0.5,/root/private_data/NMI_Project_Val/checkpoints/kfold5_kvt_vivit_pretrained_cobb11/fold_1/checkpoint_best.pth
2026-05-27T23:19:17.553487,ablation_vivit_ww,1,test,290,0.5136944055557251,1.0,11.0,0.5,/root/private_data/NMI_Project_Val/checkpoints/kfold5_kvt_vivit_pretrained_cobb11/fold_1/checkpoint_best.pth
2026-05-27T23:19:17.553487,ablation_vivit_ww,1,test,291,0.6717590093612671,1.0,11.0,0.5,/root/private_data/NMI_Project_Val/checkpoints/kfold5_kvt_vivit_pretrained_cobb11/fold_1/checkpoint_best.pth
2026-05-27T23:19:17.553487,ablation_vivit_ww,1,test,292,0.461930513381958,1.0,11.0,0.5,/root/private_data/NMI_Project_Val/checkpoints/kfold5_kvt_vivit_pretrained_cobb11/fold_1/checkpoint_best.pth
2026-05-27T23:19:17.553487,ablation_vivit_ww,1,test,293,0.4797290861606598,1.0,11.0,0.5,/root/private_data/NMI_Project_Val/checkpoints/kfold5_kvt_vivit_pretrained_cobb11/fold_1/checkpoint_best.pth
2026-05-27T23:19:17.553487,ablation_vivit_ww,1,test,294,0.49184712767601013,1.0,11.0,0.5,/root/private_data/NMI_Project_Val/checkpoints/kfold5_kvt_vivit_pretrained_cobb11/fold_1/checkpoint_best.pth
2026-05-27T23:19:17.553487,ablation_vivit_ww,1,test,295,0.5036705136299133,1.0,11.0,0.5,/root/private_data/NMI_Project_Val/checkpoints/kfold5_kvt_vivit_pretrained_cobb11/fold_1/checkpoint_best.pth
2026-05-27T23:19:17.553487,ablation_vivit_ww,1,test,296,0.5052167177200317,1.0,11.0,0.5,/root/private_data/NMI_Project_Val/checkpoints/kfold5_kvt_vivit_pretrained_cobb11/fold_1/checkpoint_best.pth
2026-05-27T23:19:17.553487,ablation_vivit_ww,1,test,297,0.4550359547138214,1.0,11.0,0.5,/root/private_data/NMI_Project_Val/checkpoints/kfold5_kvt_vivit_pretrained_cobb11/fold_1/checkpoint_best.pth
2026-05-27T23:19:17.553487,ablation_vivit_ww,1,test,298,0.41929370164871216,1.0,11.0,0.5,/root/private_data/NMI_Project_Val/checkpoints/kfold5_kvt_vivit_pretrained_cobb11/fold_1/checkpoint_best.pth
2026-05-27T23:19:17.553487,ablation_vivit_ww,1,test,299,0.5642493963241577,1.0,11.0,0.5,/root/private_data/NMI_Project_Val/checkpoints/kfold5_kvt_vivit_pretrained_cobb11/fold_1/checkpoint_best.pth
2026-05-27T23:19:17.553487,ablation_vivit_ww,1,test,300,0.61408931016922,1.0,11.0,0.5,/root/private_data/NMI_Project_Val/checkpoints/kfold5_kvt_vivit_pretrained_cobb11/fold_1/checkpoint_best.pth
2026-05-27T23:19:17.553487,ablation_vivit_ww,1,test,301,0.6251353621482849,1.0,11.0,0.5,/root/private_data/NMI_Project_Val/checkpoints/kfold5_kvt_vivit_pretrained_cobb11/fold_1/checkpoint_best.pth
2026-05-27T23:19:17.553487,ablation_vivit_ww,1,test,302,0.7407606244087219,1.0,11.0,0.5,/root/private_data/NMI_Project_Val/checkpoints/kfold5_kvt_vivit_pretrained_cobb11/fold_1/checkpoint_best.pth
2026-05-27T23:19:17.553487,ablation_vivit_ww,1,test,303,0.5196356177330017,1.0,11.0,0.5,/root/private_data/NMI_Project_Val/checkpoints/kfold5_kvt_vivit_pretrained_cobb11/fold_1/checkpoint_best.pth
2026-05-27T23:19:17.553487,ablation_vivit_ww,1,test,304,0.5354750752449036,1.0,11.0,0.5,/root/private_data/NMI_Project_Val/checkpoints/kfold5_kvt_vivit_pretrained_cobb11/fold_1/checkpoint_best.pth
2026-05-27T23:19:17.553487,ablation_vivit_ww,1,test,305,0.5945677757263184,1.0,11.0,0.5,/root/private_data/NMI_Project_Val/checkpoints/kfold5_kvt_vivit_pretrained_cobb11/fold_1/checkpoint_best.pth
2026-05-27T23:19:17.553487,ablation_vivit_ww,1,test,306,0.6534469127655029,1.0,11.0,0.5,/root/private_data/NMI_Project_Val/checkpoints/kfold5_kvt_vivit_pretrained_cobb11/fold_1/checkpoint_best.pth
2026-05-27T23:19:17.553487,ablation_vivit_ww,1,test,307,0.5995166897773743,1.0,11.0,0.5,/root/private_data/NMI_Project_Val/checkpoints/kfold5_kvt_vivit_pretrained_cobb11/fold_1/checkpoint_best.pth
2026-05-27T23:19:17.553487,ablation_vivit_ww,1,test,308,0.6260396242141724,1.0,11.0,0.5,/root/private_data/NMI_Project_Val/checkpoints/kfold5_kvt_vivit_pretrained_cobb11/fold_1/checkpoint_best.pth
2026-05-27T23:19:17.553487,ablation_vivit_ww,1,test,309,0.598415732383728,1.0,11.0,0.5,/root/private_data/NMI_Project_Val/checkpoints/kfold5_kvt_vivit_pretrained_cobb11/fold_1/checkpoint_best.pth
2026-05-27T23:19:17.553487,ablation_vivit_ww,1,test,310,0.5596708655357361,1.0,11.0,0.5,/root/private_data/NMI_Project_Val/checkpoints/kfold5_kvt_vivit_pretrained_cobb11/fold_1/checkpoint_best.pth
2026-05-27T23:19:17.553487,ablation_vivit_ww,1,test,311,0.32772862911224365,1.0,11.0,0.5,/root/private_data/NMI_Project_Val/checkpoints/kfold5_kvt_vivit_pretrained_cobb11/fold_1/checkpoint_best.pth
2026-05-27T23:19:17.553487,ablation_vivit_ww,1,test,312,0.6904266476631165,1.0,11.0,0.5,/root/private_data/NMI_Project_Val/checkpoints/kfold5_kvt_vivit_pretrained_cobb11/fold_1/checkpoint_best.pth
2026-05-27T23:19:17.553487,ablation_vivit_ww,1,test,313,0.5269697904586792,1.0,11.0,0.5,/root/private_data/NMI_Project_Val/checkpoints/kfold5_kvt_vivit_pretrained_cobb11/fold_1/checkpoint_best.pth
2026-05-27T23:19:17.553487,ablation_vivit_ww,1,test,314,0.49502789974212646,1.0,11.0,0.5,/root/private_data/NMI_Project_Val/checkpoints/kfold5_kvt_vivit_pretrained_cobb11/fold_1/checkpoint_best.pth
2026-05-27T23:19:17.553487,ablation_vivit_ww,1,test,315,0.6138097047805786,1.0,11.0,0.5,/root/private_data/NMI_Project_Val/checkpoints/kfold5_kvt_vivit_pretrained_cobb11/fold_1/checkpoint_best.pth
2026-05-27T23:19:17.553487,ablation_vivit_ww,1,test,316,0.6300806403160095,1.0,11.0,0.5,/root/private_data/NMI_Project_Val/checkpoints/kfold5_kvt_vivit_pretrained_cobb11/fold_1/checkpoint_best.pth
2026-05-27T23:19:17.553487,ablation_vivit_ww,1,test,317,0.6668236255645752,1.0,11.0,0.5,/root/private_data/NMI_Project_Val/checkpoints/kfold5_kvt_vivit_pretrained_cobb11/fold_1/checkpoint_best.pth
2026-05-27T23:19:17.553487,ablation_vivit_ww,1,test,318,0.5548074245452881,1.0,11.0,0.5,/root/private_data/NMI_Project_Val/checkpoints/kfold5_kvt_vivit_pretrained_cobb11/fold_1/checkpoint_best.pth
2026-05-27T23:19:17.553487,ablation_vivit_ww,1,test,319,0.573996901512146,1.0,11.0,0.5,/root/private_data/NMI_Project_Val/checkpoints/kfold5_kvt_vivit_pretrained_cobb11/fold_1/checkpoint_best.pth
2026-05-27T23:19:17.553487,ablation_vivit_ww,1,test,320,0.6436745524406433,1.0,11.0,0.5,/root/private_data/NMI_Project_Val/checkpoints/kfold5_kvt_vivit_pretrained_cobb11/fold_1/checkpoint_best.pth
2026-05-27T23:19:17.553487,ablation_vivit_ww,1,test,321,0.6433730721473694,1.0,11.0,0.5,/root/private_data/NMI_Project_Val/checkpoints/kfold5_kvt_vivit_pretrained_cobb11/fold_1/checkpoint_best.pth
2026-05-27T23:19:17.553487,ablation_vivit_ww,1,test,322,0.6867209076881409,1.0,11.0,0.5,/root/private_data/NMI_Project_Val/checkpoints/kfold5_kvt_vivit_pretrained_cobb11/fold_1/checkpoint_best.pth
2026-05-27T23:19:17.553487,ablation_vivit_ww,1,test,323,0.5368711352348328,1.0,11.0,0.5,/root/private_data/NMI_Project_Val/checkpoints/kfold5_kvt_vivit_pretrained_cobb11/fold_1/checkpoint_best.pth
2026-05-27T23:19:17.553487,ablation_vivit_ww,1,test,324,0.5274854302406311,1.0,11.0,0.5,/root/private_data/NMI_Project_Val/checkpoints/kfold5_kvt_vivit_pretrained_cobb11/fold_1/checkpoint_best.pth
2026-05-27T23:19:17.553487,ablation_vivit_ww,1,test,325,0.5798906683921814,1.0,11.0,0.5,/root/private_data/NMI_Project_Val/checkpoints/kfold5_kvt_vivit_pretrained_cobb11/fold_1/checkpoint_best.pth
2026-05-27T23:19:17.553487,ablation_vivit_ww,1,test,326,0.7345908880233765,1.0,11.0,0.5,/root/private_data/NMI_Project_Val/checkpoints/kfold5_kvt_vivit_pretrained_cobb11/fold_1/checkpoint_best.pth
2026-05-27T23:19:17.553487,ablation_vivit_ww,1,test,327,0.6288703680038452,1.0,11.0,0.5,/root/private_data/NMI_Project_Val/checkpoints/kfold5_kvt_vivit_pretrained_cobb11/fold_1/checkpoint_best.pth
2026-05-27T23:19:17.553487,ablation_vivit_ww,1,test,328,0.5114392042160034,1.0,11.0,0.5,/root/private_data/NMI_Project_Val/checkpoints/kfold5_kvt_vivit_pretrained_cobb11/fold_1/checkpoint_best.pth
2026-05-27T23:19:17.553487,ablation_vivit_ww,1,test,329,0.14782275259494781,0.0,11.0,0.5,/root/private_data/NMI_Project_Val/checkpoints/kfold5_kvt_vivit_pretrained_cobb11/fold_1/checkpoint_best.pth
2026-05-27T23:19:17.553487,ablation_vivit_ww,1,test,330,0.19696204364299774,0.0,11.0,0.5,/root/private_data/NMI_Project_Val/checkpoints/kfold5_kvt_vivit_pretrained_cobb11/fold_1/checkpoint_best.pth
2026-05-27T23:19:17.553487,ablation_vivit_ww,1,test,331,0.2582281827926636,0.0,11.0,0.5,/root/private_data/NMI_Project_Val/checkpoints/kfold5_kvt_vivit_pretrained_cobb11/fold_1/checkpoint_best.pth
2026-05-27T23:19:17.553487,ablation_vivit_ww,1,test,332,0.2109423726797104,0.0,11.0,0.5,/root/private_data/NMI_Project_Val/checkpoints/kfold5_kvt_vivit_pretrained_cobb11/fold_1/checkpoint_best.pth
2026-05-27T23:19:17.553487,ablation_vivit_ww,1,test,333,0.24472907185554504,0.0,11.0,0.5,/root/private_data/NMI_Project_Val/checkpoints/kfold5_kvt_vivit_pretrained_cobb11/fold_1/checkpoint_best.pth
2026-05-27T23:19:17.553487,ablation_vivit_ww,1,test,334,0.2885567843914032,0.0,11.0,0.5,/root/private_data/NMI_Project_Val/checkpoints/kfold5_kvt_vivit_pretrained_cobb11/fold_1/checkpoint_best.pth
2026-05-27T23:19:17.553487,ablation_vivit_ww,1,test,335,0.21035100519657135,0.0,11.0,0.5,/root/private_data/NMI_Project_Val/checkpoints/kfold5_kvt_vivit_pretrained_cobb11/fold_1/checkpoint_best.pth
2026-05-27T23:19:17.553487,ablation_vivit_ww,1,test,336,0.2408222109079361,0.0,11.0,0.5,/root/private_data/NMI_Project_Val/checkpoints/kfold5_kvt_vivit_pretrained_cobb11/fold_1/checkpoint_best.pth
2026-05-27T23:19:17.553487,ablation_vivit_ww,1,test,337,0.1908625215291977,0.0,11.0,0.5,/root/private_data/NMI_Project_Val/checkpoints/kfold5_kvt_vivit_pretrained_cobb11/fold_1/checkpoint_best.pth
2026-05-27T23:19:17.553487,ablation_vivit_ww,1,test,338,0.2175912708044052,0.0,11.0,0.5,/root/private_data/NMI_Project_Val/checkpoints/kfold5_kvt_vivit_pretrained_cobb11/fold_1/checkpoint_best.pth
2026-05-27T23:19:17.553487,ablation_vivit_ww,1,test,339,0.23693779110908508,0.0,11.0,0.5,/root/private_data/NMI_Project_Val/checkpoints/kfold5_kvt_vivit_pretrained_cobb11/fold_1/checkpoint_best.pth
2026-05-27T23:19:17.553487,ablation_vivit_ww,1,test,340,0.190553218126297,0.0,11.0,0.5,/root/private_data/NMI_Project_Val/checkpoints/kfold5_kvt_vivit_pretrained_cobb11/fold_1/checkpoint_best.pth
2026-05-27T23:19:17.553487,ablation_vivit_ww,1,test,341,0.25644129514694214,0.0,11.0,0.5,/root/private_data/NMI_Project_Val/checkpoints/kfold5_kvt_vivit_pretrained_cobb11/fold_1/checkpoint_best.pth
2026-05-27T23:19:17.553487,ablation_vivit_ww,1,test,342,0.22701497375965118,0.0,11.0,0.5,/root/private_data/NMI_Project_Val/checkpoints/kfold5_kvt_vivit_pretrained_cobb11/fold_1/checkpoint_best.pth
2026-05-27T23:19:17.553487,ablation_vivit_ww,1,test,343,0.15391500294208527,0.0,11.0,0.5,/root/private_data/NMI_Project_Val/checkpoints/kfold5_kvt_vivit_pretrained_cobb11/fold_1/checkpoint_best.pth
2026-05-27T23:19:17.553487,ablation_vivit_ww,1,test,344,0.2617168724536896,0.0,11.0,0.5,/root/private_data/NMI_Project_Val/checkpoints/kfold5_kvt_vivit_pretrained_cobb11/fold_1/checkpoint_best.pth
2026-05-27T23:19:17.553487,ablation_vivit_ww,1,test,345,0.19689705967903137,0.0,11.0,0.5,/root/private_data/NMI_Project_Val/checkpoints/kfold5_kvt_vivit_pretrained_cobb11/fold_1/checkpoint_best.pth
2026-05-27T23:19:17.553487,ablation_vivit_ww,1,test,346,0.2284214347600937,0.0,11.0,0.5,/root/private_data/NMI_Project_Val/checkpoints/kfold5_kvt_vivit_pretrained_cobb11/fold_1/checkpoint_best.pth
2026-05-27T23:19:17.553487,ablation_vivit_ww,1,test,347,0.23679621517658234,0.0,11.0,0.5,/root/private_data/NMI_Project_Val/checkpoints/kfold5_kvt_vivit_pretrained_cobb11/fold_1/checkpoint_best.pth
2026-05-27T23:19:17.553487,ablation_vivit_ww,1,test,348,0.2793198525905609,0.0,11.0,0.5,/root/private_data/NMI_Project_Val/checkpoints/kfold5_kvt_vivit_pretrained_cobb11/fold_1/checkpoint_best.pth
2026-05-27T23:19:17.553487,ablation_vivit_ww,1,test,349,0.18613427877426147,0.0,11.0,0.5,/root/private_data/NMI_Project_Val/checkpoints/kfold5_kvt_vivit_pretrained_cobb11/fold_1/checkpoint_best.pth
2026-05-27T23:19:17.553487,ablation_vivit_ww,1,test,350,0.24151165783405304,0.0,11.0,0.5,/root/private_data/NMI_Project_Val/checkpoints/kfold5_kvt_vivit_pretrained_cobb11/fold_1/checkpoint_best.pth
2026-05-27T23:19:17.553487,ablation_vivit_ww,1,test,351,0.21942485868930817,0.0,11.0,0.5,/root/private_data/NMI_Project_Val/checkpoints/kfold5_kvt_vivit_pretrained_cobb11/fold_1/checkpoint_best.pth
2026-05-27T23:19:17.553487,ablation_vivit_ww,1,test,352,0.18367263674736023,0.0,11.0,0.5,/root/private_data/NMI_Project_Val/checkpoints/kfold5_kvt_vivit_pretrained_cobb11/fold_1/checkpoint_best.pth
2026-05-27T23:19:17.553487,ablation_vivit_ww,1,test,353,0.16253992915153503,0.0,11.0,0.5,/root/private_data/NMI_Project_Val/checkpoints/kfold5_kvt_vivit_pretrained_cobb11/fold_1/checkpoint_best.pth
2026-05-27T23:19:17.553487,ablation_vivit_ww,1,test,354,0.1619851440191269,0.0,11.0,0.5,/root/private_data/NMI_Project_Val/checkpoints/kfold5_kvt_vivit_pretrained_cobb11/fold_1/checkpoint_best.pth
2026-05-27T23:19:17.553487,ablation_vivit_ww,1,test,355,0.14424537122249603,0.0,11.0,0.5,/root/private_data/NMI_Project_Val/checkpoints/kfold5_kvt_vivit_pretrained_cobb11/fold_1/checkpoint_best.pth
2026-05-27T23:19:17.553487,ablation_vivit_ww,1,test,356,0.23333857953548431,0.0,11.0,0.5,/root/private_data/NMI_Project_Val/checkpoints/kfold5_kvt_vivit_pretrained_cobb11/fold_1/checkpoint_best.pth
2026-05-27T23:19:17.553487,ablation_vivit_ww,1,test,357,0.22891832888126373,0.0,11.0,0.5,/root/private_data/NMI_Project_Val/checkpoints/kfold5_kvt_vivit_pretrained_cobb11/fold_1/checkpoint_best.pth
2026-05-27T23:19:17.553487,ablation_vivit_ww,1,test,358,0.1521381139755249,0.0,11.0,0.5,/root/private_data/NMI_Project_Val/checkpoints/kfold5_kvt_vivit_pretrained_cobb11/fold_1/checkpoint_best.pth
2026-05-27T23:19:17.553487,ablation_vivit_ww,1,test,359,0.1519303023815155,0.0,11.0,0.5,/root/private_data/NMI_Project_Val/checkpoints/kfold5_kvt_vivit_pretrained_cobb11/fold_1/checkpoint_best.pth
2026-05-27T23:19:17.553487,ablation_vivit_ww,1,test,360,0.1883755475282669,0.0,11.0,0.5,/root/private_data/NMI_Project_Val/checkpoints/kfold5_kvt_vivit_pretrained_cobb11/fold_1/checkpoint_best.pth
2026-05-27T23:19:17.553487,ablation_vivit_ww,1,test,361,0.16605159640312195,0.0,11.0,0.5,/root/private_data/NMI_Project_Val/checkpoints/kfold5_kvt_vivit_pretrained_cobb11/fold_1/checkpoint_best.pth
2026-05-27T23:19:17.553487,ablation_vivit_ww,1,test,362,0.2533200681209564,0.0,11.0,0.5,/root/private_data/NMI_Project_Val/checkpoints/kfold5_kvt_vivit_pretrained_cobb11/fold_1/checkpoint_best.pth
2026-05-27T23:19:17.553487,ablation_vivit_ww,1,test,363,0.16286931931972504,0.0,11.0,0.5,/root/private_data/NMI_Project_Val/checkpoints/kfold5_kvt_vivit_pretrained_cobb11/fold_1/checkpoint_best.pth
2026-05-27T23:19:17.553487,ablation_vivit_ww,1,test,364,0.1861979365348816,0.0,11.0,0.5,/root/private_data/NMI_Project_Val/checkpoints/kfold5_kvt_vivit_pretrained_cobb11/fold_1/checkpoint_best.pth
2026-05-27T23:19:17.553487,ablation_vivit_ww,1,test,365,0.1484089493751526,0.0,11.0,0.5,/root/private_data/NMI_Project_Val/checkpoints/kfold5_kvt_vivit_pretrained_cobb11/fold_1/checkpoint_best.pth
2026-05-27T23:19:17.553487,ablation_vivit_ww,1,test,366,0.16428323090076447,0.0,11.0,0.5,/root/private_data/NMI_Project_Val/checkpoints/kfold5_kvt_vivit_pretrained_cobb11/fold_1/checkpoint_best.pth
2026-05-27T23:19:17.553487,ablation_vivit_ww,1,test,367,0.15446394681930542,0.0,11.0,0.5,/root/private_data/NMI_Project_Val/checkpoints/kfold5_kvt_vivit_pretrained_cobb11/fold_1/checkpoint_best.pth
2026-05-27T23:19:17.553487,ablation_vivit_ww,1,test,368,0.1419612318277359,0.0,11.0,0.5,/root/private_data/NMI_Project_Val/checkpoints/kfold5_kvt_vivit_pretrained_cobb11/fold_1/checkpoint_best.pth
2026-05-27T23:19:17.553487,ablation_vivit_ww,1,test,369,0.14632533490657806,0.0,11.0,0.5,/root/private_data/NMI_Project_Val/checkpoints/kfold5_kvt_vivit_pretrained_cobb11/fold_1/checkpoint_best.pth
2026-05-27T23:19:17.553487,ablation_vivit_ww,1,test,370,0.1792137622833252,0.0,11.0,0.5,/root/private_data/NMI_Project_Val/checkpoints/kfold5_kvt_vivit_pretrained_cobb11/fold_1/checkpoint_best.pth
2026-05-27T23:19:17.553487,ablation_vivit_ww,1,test,371,0.19473913311958313,0.0,11.0,0.5,/root/private_data/NMI_Project_Val/checkpoints/kfold5_kvt_vivit_pretrained_cobb11/fold_1/checkpoint_best.pth
2026-05-27T23:19:17.553487,ablation_vivit_ww,1,test,372,0.21448951959609985,0.0,11.0,0.5,/root/private_data/NMI_Project_Val/checkpoints/kfold5_kvt_vivit_pretrained_cobb11/fold_1/checkpoint_best.pth
2026-05-27T23:19:17.553487,ablation_vivit_ww,1,test,373,0.17027215659618378,0.0,11.0,0.5,/root/private_data/NMI_Project_Val/checkpoints/kfold5_kvt_vivit_pretrained_cobb11/fold_1/checkpoint_best.pth
2026-05-27T23:19:17.553487,ablation_vivit_ww,1,test,374,0.2028723508119583,0.0,11.0,0.5,/root/private_data/NMI_Project_Val/checkpoints/kfold5_kvt_vivit_pretrained_cobb11/fold_1/checkpoint_best.pth
2026-05-27T23:19:17.553487,ablation_vivit_ww,1,test,375,0.19925658404827118,0.0,11.0,0.5,/root/private_data/NMI_Project_Val/checkpoints/kfold5_kvt_vivit_pretrained_cobb11/fold_1/checkpoint_best.pth
2026-05-27T23:19:17.553487,ablation_vivit_ww,1,test,376,0.20732253789901733,0.0,11.0,0.5,/root/private_data/NMI_Project_Val/checkpoints/kfold5_kvt_vivit_pretrained_cobb11/fold_1/checkpoint_best.pth
2026-05-27T23:19:17.553487,ablation_vivit_ww,1,test,377,0.23880743980407715,0.0,11.0,0.5,/root/private_data/NMI_Project_Val/checkpoints/kfold5_kvt_vivit_pretrained_cobb11/fold_1/checkpoint_best.pth
2026-05-27T23:19:17.553487,ablation_vivit_ww,1,test,378,0.21903850138187408,0.0,11.0,0.5,/root/private_data/NMI_Project_Val/checkpoints/kfold5_kvt_vivit_pretrained_cobb11/fold_1/checkpoint_best.pth
2026-05-27T23:19:17.553487,ablation_vivit_ww,1,test,379,0.29300200939178467,0.0,11.0,0.5,/root/private_data/NMI_Project_Val/checkpoints/kfold5_kvt_vivit_pretrained_cobb11/fold_1/checkpoint_best.pth
2026-05-27T23:19:17.553487,ablation_vivit_ww,1,test,380,0.2802355885505676,0.0,11.0,0.5,/root/private_data/NMI_Project_Val/checkpoints/kfold5_kvt_vivit_pretrained_cobb11/fold_1/checkpoint_best.pth
2026-05-27T23:19:17.553487,ablation_vivit_ww,1,test,381,0.16742731630802155,0.0,11.0,0.5,/root/private_data/NMI_Project_Val/checkpoints/kfold5_kvt_vivit_pretrained_cobb11/fold_1/checkpoint_best.pth
2026-05-27T23:19:17.553487,ablation_vivit_ww,1,test,382,0.1351838856935501,0.0,11.0,0.5,/root/private_data/NMI_Project_Val/checkpoints/kfold5_kvt_vivit_pretrained_cobb11/fold_1/checkpoint_best.pth
2026-05-27T23:19:17.553487,ablation_vivit_ww,1,test,383,0.16683022677898407,0.0,11.0,0.5,/root/private_data/NMI_Project_Val/checkpoints/kfold5_kvt_vivit_pretrained_cobb11/fold_1/checkpoint_best.pth
2026-05-27T23:19:17.553487,ablation_vivit_ww,1,test,384,0.1851748675107956,0.0,11.0,0.5,/root/private_data/NMI_Project_Val/checkpoints/kfold5_kvt_vivit_pretrained_cobb11/fold_1/checkpoint_best.pth
2026-05-27T23:19:17.553487,ablation_vivit_ww,1,test,385,0.19510185718536377,0.0,11.0,0.5,/root/private_data/NMI_Project_Val/checkpoints/kfold5_kvt_vivit_pretrained_cobb11/fold_1/checkpoint_best.pth
2026-05-27T23:19:17.553487,ablation_vivit_ww,1,test,386,0.19816656410694122,0.0,11.0,0.5,/root/private_data/NMI_Project_Val/checkpoints/kfold5_kvt_vivit_pretrained_cobb11/fold_1/checkpoint_best.pth
2026-05-27T23:19:17.553487,ablation_vivit_ww,1,test,387,0.2059686928987503,0.0,11.0,0.5,/root/private_data/NMI_Project_Val/checkpoints/kfold5_kvt_vivit_pretrained_cobb11/fold_1/checkpoint_best.pth
2026-05-27T23:19:17.553487,ablation_vivit_ww,1,test,388,0.22650717198848724,0.0,11.0,0.5,/root/private_data/NMI_Project_Val/checkpoints/kfold5_kvt_vivit_pretrained_cobb11/fold_1/checkpoint_best.pth
2026-05-27T23:19:17.553487,ablation_vivit_ww,1,test,389,0.19435903429985046,0.0,11.0,0.5,/root/private_data/NMI_Project_Val/checkpoints/kfold5_kvt_vivit_pretrained_cobb11/fold_1/checkpoint_best.pth
2026-05-27T23:19:17.553487,ablation_vivit_ww,1,test,390,0.27055421471595764,0.0,11.0,0.5,/root/private_data/NMI_Project_Val/checkpoints/kfold5_kvt_vivit_pretrained_cobb11/fold_1/checkpoint_best.pth
2026-05-27T23:19:17.553487,ablation_vivit_ww,1,test,391,0.17496460676193237,0.0,11.0,0.5,/root/private_data/NMI_Project_Val/checkpoints/kfold5_kvt_vivit_pretrained_cobb11/fold_1/checkpoint_best.pth
2026-05-27T23:19:17.553487,ablation_vivit_ww,1,test,392,0.1726241558790207,0.0,11.0,0.5,/root/private_data/NMI_Project_Val/checkpoints/kfold5_kvt_vivit_pretrained_cobb11/fold_1/checkpoint_best.pth
2026-05-27T23:19:17.553487,ablation_vivit_ww,1,test,393,0.1794043332338333,0.0,11.0,0.5,/root/private_data/NMI_Project_Val/checkpoints/kfold5_kvt_vivit_pretrained_cobb11/fold_1/checkpoint_best.pth
2026-05-27T23:19:17.553487,ablation_vivit_ww,1,test,394,0.21472066640853882,0.0,11.0,0.5,/root/private_data/NMI_Project_Val/checkpoints/kfold5_kvt_vivit_pretrained_cobb11/fold_1/checkpoint_best.pth
2026-05-27T23:19:17.553487,ablation_vivit_ww,1,test,395,0.13237199187278748,0.0,11.0,0.5,/root/private_data/NMI_Project_Val/checkpoints/kfold5_kvt_vivit_pretrained_cobb11/fold_1/checkpoint_best.pth
2026-05-27T23:19:17.553487,ablation_vivit_ww,1,test,396,0.18336059153079987,0.0,11.0,0.5,/root/private_data/NMI_Project_Val/checkpoints/kfold5_kvt_vivit_pretrained_cobb11/fold_1/checkpoint_best.pth
2026-05-27T23:19:17.553487,ablation_vivit_ww,1,test,397,0.2139815390110016,0.0,11.0,0.5,/root/private_data/NMI_Project_Val/checkpoints/kfold5_kvt_vivit_pretrained_cobb11/fold_1/checkpoint_best.pth
2026-05-27T23:19:17.553487,ablation_vivit_ww,1,test,398,0.1455874741077423,0.0,11.0,0.5,/root/private_data/NMI_Project_Val/checkpoints/kfold5_kvt_vivit_pretrained_cobb11/fold_1/checkpoint_best.pth
2026-05-27T23:19:17.553487,ablation_vivit_ww,1,test,399,0.17239634692668915,0.0,11.0,0.5,/root/private_data/NMI_Project_Val/checkpoints/kfold5_kvt_vivit_pretrained_cobb11/fold_1/checkpoint_best.pth
2026-05-27T23:19:17.553487,ablation_vivit_ww,1,test,400,0.1470356583595276,0.0,11.0,0.5,/root/private_data/NMI_Project_Val/checkpoints/kfold5_kvt_vivit_pretrained_cobb11/fold_1/checkpoint_best.pth
2026-05-27T23:19:17.553487,ablation_vivit_ww,1,test,401,0.1601242870092392,0.0,11.0,0.5,/root/private_data/NMI_Project_Val/checkpoints/kfold5_kvt_vivit_pretrained_cobb11/fold_1/checkpoint_best.pth
2026-05-27T23:19:17.553487,ablation_vivit_ww,1,test,402,0.18654905259609222,0.0,11.0,0.5,/root/private_data/NMI_Project_Val/checkpoints/kfold5_kvt_vivit_pretrained_cobb11/fold_1/checkpoint_best.pth
2026-05-27T23:19:17.553487,ablation_vivit_ww,1,test,403,0.17193703353405,0.0,11.0,0.5,/root/private_data/NMI_Project_Val/checkpoints/kfold5_kvt_vivit_pretrained_cobb11/fold_1/checkpoint_best.pth
2026-05-27T23:19:17.553487,ablation_vivit_ww,1,test,404,0.22109796106815338,0.0,11.0,0.5,/root/private_data/NMI_Project_Val/checkpoints/kfold5_kvt_vivit_pretrained_cobb11/fold_1/checkpoint_best.pth
2026-05-27T23:19:17.553487,ablation_vivit_ww,1,test,405,0.18965338170528412,0.0,11.0,0.5,/root/private_data/NMI_Project_Val/checkpoints/kfold5_kvt_vivit_pretrained_cobb11/fold_1/checkpoint_best.pth
2026-05-27T23:19:17.553487,ablation_vivit_ww,1,test,406,0.269256591796875,0.0,11.0,0.5,/root/private_data/NMI_Project_Val/checkpoints/kfold5_kvt_vivit_pretrained_cobb11/fold_1/checkpoint_best.pth
2026-05-27T23:19:17.553487,ablation_vivit_ww,1,test,407,0.15358048677444458,0.0,11.0,0.5,/root/private_data/NMI_Project_Val/checkpoints/kfold5_kvt_vivit_pretrained_cobb11/fold_1/checkpoint_best.pth
2026-05-27T23:19:17.553487,ablation_vivit_ww,1,test,408,0.27416592836380005,0.0,11.0,0.5,/root/private_data/NMI_Project_Val/checkpoints/kfold5_kvt_vivit_pretrained_cobb11/fold_1/checkpoint_best.pth
2026-05-27T23:19:17.553487,ablation_vivit_ww,1,test,409,0.302169531583786,0.0,11.0,0.5,/root/private_data/NMI_Project_Val/checkpoints/kfold5_kvt_vivit_pretrained_cobb11/fold_1/checkpoint_best.pth
2026-05-27T23:19:17.553487,ablation_vivit_ww,1,test,410,0.2977637052536011,0.0,11.0,0.5,/root/private_data/NMI_Project_Val/checkpoints/kfold5_kvt_vivit_pretrained_cobb11/fold_1/checkpoint_best.pth
2026-05-27T23:19:17.553487,ablation_vivit_ww,1,test,411,0.18110741674900055,0.0,11.0,0.5,/root/private_data/NMI_Project_Val/checkpoints/kfold5_kvt_vivit_pretrained_cobb11/fold_1/checkpoint_best.pth
2026-05-27T23:19:17.553487,ablation_vivit_ww,1,test,412,0.27907541394233704,0.0,11.0,0.5,/root/private_data/NMI_Project_Val/checkpoints/kfold5_kvt_vivit_pretrained_cobb11/fold_1/checkpoint_best.pth
2026-05-27T23:19:17.553487,ablation_vivit_ww,1,test,413,0.2323743999004364,0.0,11.0,0.5,/root/private_data/NMI_Project_Val/checkpoints/kfold5_kvt_vivit_pretrained_cobb11/fold_1/checkpoint_best.pth
2026-05-27T23:19:17.553487,ablation_vivit_ww,1,test,414,0.16034360229969025,0.0,11.0,0.5,/root/private_data/NMI_Project_Val/checkpoints/kfold5_kvt_vivit_pretrained_cobb11/fold_1/checkpoint_best.pth
2026-05-27T23:19:17.553487,ablation_vivit_ww,1,test,415,0.20307597517967224,0.0,11.0,0.5,/root/private_data/NMI_Project_Val/checkpoints/kfold5_kvt_vivit_pretrained_cobb11/fold_1/checkpoint_best.pth
2026-05-27T23:19:17.553487,ablation_vivit_ww,1,test,416,0.2793288826942444,0.0,11.0,0.5,/root/private_data/NMI_Project_Val/checkpoints/kfold5_kvt_vivit_pretrained_cobb11/fold_1/checkpoint_best.pth
2026-05-27T23:19:17.553487,ablation_vivit_ww,1,test,417,0.265235960483551,0.0,11.0,0.5,/root/private_data/NMI_Project_Val/checkpoints/kfold5_kvt_vivit_pretrained_cobb11/fold_1/checkpoint_best.pth
2026-05-27T23:19:17.553487,ablation_vivit_ww,1,test,418,0.19187787175178528,0.0,11.0,0.5,/root/private_data/NMI_Project_Val/checkpoints/kfold5_kvt_vivit_pretrained_cobb11/fold_1/checkpoint_best.pth
2026-05-27T23:19:17.553487,ablation_vivit_ww,1,test,419,0.21609807014465332,0.0,11.0,0.5,/root/private_data/NMI_Project_Val/checkpoints/kfold5_kvt_vivit_pretrained_cobb11/fold_1/checkpoint_best.pth
2026-05-27T23:19:17.553487,ablation_vivit_ww,1,test,420,0.22689469158649445,0.0,11.0,0.5,/root/private_data/NMI_Project_Val/checkpoints/kfold5_kvt_vivit_pretrained_cobb11/fold_1/checkpoint_best.pth
2026-05-27T23:19:17.553487,ablation_vivit_ww,1,test,421,0.2200939953327179,0.0,11.0,0.5,/root/private_data/NMI_Project_Val/checkpoints/kfold5_kvt_vivit_pretrained_cobb11/fold_1/checkpoint_best.pth
2026-05-27T23:19:17.553487,ablation_vivit_ww,1,test,422,0.20939140021800995,0.0,11.0,0.5,/root/private_data/NMI_Project_Val/checkpoints/kfold5_kvt_vivit_pretrained_cobb11/fold_1/checkpoint_best.pth
2026-05-27T23:19:17.553487,ablation_vivit_ww,1,test,423,0.2607378363609314,0.0,11.0,0.5,/root/private_data/NMI_Project_Val/checkpoints/kfold5_kvt_vivit_pretrained_cobb11/fold_1/checkpoint_best.pth
2026-05-27T23:19:17.553487,ablation_vivit_ww,1,test,424,0.2459970861673355,0.0,11.0,0.5,/root/private_data/NMI_Project_Val/checkpoints/kfold5_kvt_vivit_pretrained_cobb11/fold_1/checkpoint_best.pth
2026-05-27T23:19:17.553487,ablation_vivit_ww,1,test,425,0.20003724098205566,0.0,11.0,0.5,/root/private_data/NMI_Project_Val/checkpoints/kfold5_kvt_vivit_pretrained_cobb11/fold_1/checkpoint_best.pth
2026-05-27T23:19:17.553487,ablation_vivit_ww,1,test,426,0.16779564321041107,0.0,11.0,0.5,/root/private_data/NMI_Project_Val/checkpoints/kfold5_kvt_vivit_pretrained_cobb11/fold_1/checkpoint_best.pth
2026-05-27T23:19:17.553487,ablation_vivit_ww,1,test,427,0.18863144516944885,0.0,11.0,0.5,/root/private_data/NMI_Project_Val/checkpoints/kfold5_kvt_vivit_pretrained_cobb11/fold_1/checkpoint_best.pth
2026-05-27T23:19:17.553487,ablation_vivit_ww,1,test,428,0.25957801938056946,0.0,11.0,0.5,/root/private_data/NMI_Project_Val/checkpoints/kfold5_kvt_vivit_pretrained_cobb11/fold_1/checkpoint_best.pth
2026-05-27T23:19:17.553487,ablation_vivit_ww,1,test,429,0.15603700280189514,0.0,11.0,0.5,/root/private_data/NMI_Project_Val/checkpoints/kfold5_kvt_vivit_pretrained_cobb11/fold_1/checkpoint_best.pth
2026-05-27T23:19:17.553487,ablation_vivit_ww,1,test,430,0.1740226149559021,0.0,11.0,0.5,/root/private_data/NMI_Project_Val/checkpoints/kfold5_kvt_vivit_pretrained_cobb11/fold_1/checkpoint_best.pth
2026-05-27T23:19:17.553487,ablation_vivit_ww,1,test,431,0.17782634496688843,0.0,11.0,0.5,/root/private_data/NMI_Project_Val/checkpoints/kfold5_kvt_vivit_pretrained_cobb11/fold_1/checkpoint_best.pth
2026-05-27T23:19:17.553487,ablation_vivit_ww,1,test,432,0.22981739044189453,0.0,11.0,0.5,/root/private_data/NMI_Project_Val/checkpoints/kfold5_kvt_vivit_pretrained_cobb11/fold_1/checkpoint_best.pth
2026-05-27T23:19:17.553487,ablation_vivit_ww,1,test,433,0.21777638792991638,0.0,11.0,0.5,/root/private_data/NMI_Project_Val/checkpoints/kfold5_kvt_vivit_pretrained_cobb11/fold_1/checkpoint_best.pth
2026-05-27T23:19:17.553487,ablation_vivit_ww,1,test,434,0.1472131460905075,0.0,11.0,0.5,/root/private_data/NMI_Project_Val/checkpoints/kfold5_kvt_vivit_pretrained_cobb11/fold_1/checkpoint_best.pth
2026-05-27T23:19:17.553487,ablation_vivit_ww,1,test,435,0.17281684279441833,0.0,11.0,0.5,/root/private_data/NMI_Project_Val/checkpoints/kfold5_kvt_vivit_pretrained_cobb11/fold_1/checkpoint_best.pth
2026-05-27T23:19:17.553487,ablation_vivit_ww,1,test,436,0.15321481227874756,0.0,11.0,0.5,/root/private_data/NMI_Project_Val/checkpoints/kfold5_kvt_vivit_pretrained_cobb11/fold_1/checkpoint_best.pth
2026-05-27T23:19:17.553487,ablation_vivit_ww,1,test,437,0.14999797940254211,0.0,11.0,0.5,/root/private_data/NMI_Project_Val/checkpoints/kfold5_kvt_vivit_pretrained_cobb11/fold_1/checkpoint_best.pth
2026-05-27T23:19:17.553487,ablation_vivit_ww,1,test,438,0.1723390519618988,0.0,11.0,0.5,/root/private_data/NMI_Project_Val/checkpoints/kfold5_kvt_vivit_pretrained_cobb11/fold_1/checkpoint_best.pth
2026-05-27T23:19:17.553487,ablation_vivit_ww,1,test,439,0.17444053292274475,0.0,11.0,0.5,/root/private_data/NMI_Project_Val/checkpoints/kfold5_kvt_vivit_pretrained_cobb11/fold_1/checkpoint_best.pth
2026-05-27T23:19:17.553487,ablation_vivit_ww,1,test,440,0.16517940163612366,0.0,11.0,0.5,/root/private_data/NMI_Project_Val/checkpoints/kfold5_kvt_vivit_pretrained_cobb11/fold_1/checkpoint_best.pth
2026-05-27T23:19:17.553487,ablation_vivit_ww,1,test,441,0.20605707168579102,0.0,11.0,0.5,/root/private_data/NMI_Project_Val/checkpoints/kfold5_kvt_vivit_pretrained_cobb11/fold_1/checkpoint_best.pth
2026-05-27T23:19:17.553487,ablation_vivit_ww,1,test,442,0.2517198920249939,0.0,11.0,0.5,/root/private_data/NMI_Project_Val/checkpoints/kfold5_kvt_vivit_pretrained_cobb11/fold_1/checkpoint_best.pth
2026-05-27T23:19:17.553487,ablation_vivit_ww,1,test,443,0.26212120056152344,0.0,11.0,0.5,/root/private_data/NMI_Project_Val/checkpoints/kfold5_kvt_vivit_pretrained_cobb11/fold_1/checkpoint_best.pth
2026-05-27T23:19:17.553487,ablation_vivit_ww,1,test,444,0.20698310434818268,0.0,11.0,0.5,/root/private_data/NMI_Project_Val/checkpoints/kfold5_kvt_vivit_pretrained_cobb11/fold_1/checkpoint_best.pth
2026-05-27T23:19:17.553487,ablation_vivit_ww,1,test,445,0.22874979674816132,0.0,11.0,0.5,/root/private_data/NMI_Project_Val/checkpoints/kfold5_kvt_vivit_pretrained_cobb11/fold_1/checkpoint_best.pth
2026-05-27T23:19:17.553487,ablation_vivit_ww,1,test,446,0.19429364800453186,0.0,11.0,0.5,/root/private_data/NMI_Project_Val/checkpoints/kfold5_kvt_vivit_pretrained_cobb11/fold_1/checkpoint_best.pth
2026-05-27T23:19:17.553487,ablation_vivit_ww,1,test,447,0.261345237493515,0.0,11.0,0.5,/root/private_data/NMI_Project_Val/checkpoints/kfold5_kvt_vivit_pretrained_cobb11/fold_1/checkpoint_best.pth
2026-05-27T23:19:17.553487,ablation_vivit_ww,1,test,448,0.15277570486068726,0.0,11.0,0.5,/root/private_data/NMI_Project_Val/checkpoints/kfold5_kvt_vivit_pretrained_cobb11/fold_1/checkpoint_best.pth
2026-05-27T23:19:17.553487,ablation_vivit_ww,1,test,449,0.13791270554065704,0.0,11.0,0.5,/root/private_data/NMI_Project_Val/checkpoints/kfold5_kvt_vivit_pretrained_cobb11/fold_1/checkpoint_best.pth
2026-05-27T23:19:17.553487,ablation_vivit_ww,1,test,450,0.14849963784217834,0.0,11.0,0.5,/root/private_data/NMI_Project_Val/checkpoints/kfold5_kvt_vivit_pretrained_cobb11/fold_1/checkpoint_best.pth
2026-05-27T23:19:17.553487,ablation_vivit_ww,1,test,451,0.2408158928155899,0.0,11.0,0.5,/root/private_data/NMI_Project_Val/checkpoints/kfold5_kvt_vivit_pretrained_cobb11/fold_1/checkpoint_best.pth
2026-05-27T23:19:17.553487,ablation_vivit_ww,1,test,452,0.1558874398469925,0.0,11.0,0.5,/root/private_data/NMI_Project_Val/checkpoints/kfold5_kvt_vivit_pretrained_cobb11/fold_1/checkpoint_best.pth
2026-05-27T23:19:17.553487,ablation_vivit_ww,1,test,453,0.17470049858093262,0.0,11.0,0.5,/root/private_data/NMI_Project_Val/checkpoints/kfold5_kvt_vivit_pretrained_cobb11/fold_1/checkpoint_best.pth
2026-05-27T23:19:17.553487,ablation_vivit_ww,1,test,454,0.23967653512954712,0.0,11.0,0.5,/root/private_data/NMI_Project_Val/checkpoints/kfold5_kvt_vivit_pretrained_cobb11/fold_1/checkpoint_best.pth
2026-05-27T23:19:17.553487,ablation_vivit_ww,1,test,455,0.24282047152519226,0.0,11.0,0.5,/root/private_data/NMI_Project_Val/checkpoints/kfold5_kvt_vivit_pretrained_cobb11/fold_1/checkpoint_best.pth
2026-05-27T23:19:17.553487,ablation_vivit_ww,1,test,456,0.13829956948757172,0.0,11.0,0.5,/root/private_data/NMI_Project_Val/checkpoints/kfold5_kvt_vivit_pretrained_cobb11/fold_1/checkpoint_best.pth
2026-05-27T23:19:17.553487,ablation_vivit_ww,1,test,457,0.2084498256444931,0.0,11.0,0.5,/root/private_data/NMI_Project_Val/checkpoints/kfold5_kvt_vivit_pretrained_cobb11/fold_1/checkpoint_best.pth
2026-05-27T23:19:17.553487,ablation_vivit_ww,1,test,458,0.21136225759983063,0.0,11.0,0.5,/root/private_data/NMI_Project_Val/checkpoints/kfold5_kvt_vivit_pretrained_cobb11/fold_1/checkpoint_best.pth
2026-05-27T23:19:17.553487,ablation_vivit_ww,1,test,459,0.2773556411266327,0.0,11.0,0.5,/root/private_data/NMI_Project_Val/checkpoints/kfold5_kvt_vivit_pretrained_cobb11/fold_1/checkpoint_best.pth
2026-05-27T23:19:17.553487,ablation_vivit_ww,1,test,460,0.1877756267786026,0.0,11.0,0.5,/root/private_data/NMI_Project_Val/checkpoints/kfold5_kvt_vivit_pretrained_cobb11/fold_1/checkpoint_best.pth
2026-05-27T23:19:17.553487,ablation_vivit_ww,1,test,461,0.19835208356380463,0.0,11.0,0.5,/root/private_data/NMI_Project_Val/checkpoints/kfold5_kvt_vivit_pretrained_cobb11/fold_1/checkpoint_best.pth
2026-05-27T23:19:17.553487,ablation_vivit_ww,1,test,462,0.2077675461769104,0.0,11.0,0.5,/root/private_data/NMI_Project_Val/checkpoints/kfold5_kvt_vivit_pretrained_cobb11/fold_1/checkpoint_best.pth
2026-05-27T23:19:17.553487,ablation_vivit_ww,1,test,463,0.22690235078334808,0.0,11.0,0.5,/root/private_data/NMI_Project_Val/checkpoints/kfold5_kvt_vivit_pretrained_cobb11/fold_1/checkpoint_best.pth
2026-05-27T23:19:17.553487,ablation_vivit_ww,1,test,464,0.24574336409568787,0.0,11.0,0.5,/root/private_data/NMI_Project_Val/checkpoints/kfold5_kvt_vivit_pretrained_cobb11/fold_1/checkpoint_best.pth
2026-05-27T23:19:17.553487,ablation_vivit_ww,1,test,465,0.20372459292411804,0.0,11.0,0.5,/root/private_data/NMI_Project_Val/checkpoints/kfold5_kvt_vivit_pretrained_cobb11/fold_1/checkpoint_best.pth
2026-05-27T23:19:17.553487,ablation_vivit_ww,1,test,466,0.15892359614372253,0.0,11.0,0.5,/root/private_data/NMI_Project_Val/checkpoints/kfold5_kvt_vivit_pretrained_cobb11/fold_1/checkpoint_best.pth
2026-05-27T23:19:17.553487,ablation_vivit_ww,1,test,467,0.23914021253585815,0.0,11.0,0.5,/root/private_data/NMI_Project_Val/checkpoints/kfold5_kvt_vivit_pretrained_cobb11/fold_1/checkpoint_best.pth
2026-05-27T23:19:17.553487,ablation_vivit_ww,1,test,468,0.21061456203460693,0.0,11.0,0.5,/root/private_data/NMI_Project_Val/checkpoints/kfold5_kvt_vivit_pretrained_cobb11/fold_1/checkpoint_best.pth
2026-05-27T23:19:17.553487,ablation_vivit_ww,1,test,469,0.19948241114616394,0.0,11.0,0.5,/root/private_data/NMI_Project_Val/checkpoints/kfold5_kvt_vivit_pretrained_cobb11/fold_1/checkpoint_best.pth
2026-05-27T23:19:17.553487,ablation_vivit_ww,1,test,470,0.234496608376503,0.0,11.0,0.5,/root/private_data/NMI_Project_Val/checkpoints/kfold5_kvt_vivit_pretrained_cobb11/fold_1/checkpoint_best.pth
2026-05-27T23:19:17.553487,ablation_vivit_ww,1,test,471,0.20879969000816345,0.0,11.0,0.5,/root/private_data/NMI_Project_Val/checkpoints/kfold5_kvt_vivit_pretrained_cobb11/fold_1/checkpoint_best.pth
2026-05-27T23:19:17.553487,ablation_vivit_ww,1,test,472,0.18792693316936493,0.0,11.0,0.5,/root/private_data/NMI_Project_Val/checkpoints/kfold5_kvt_vivit_pretrained_cobb11/fold_1/checkpoint_best.pth
2026-05-27T23:19:17.553487,ablation_vivit_ww,1,test,473,0.20691436529159546,0.0,11.0,0.5,/root/private_data/NMI_Project_Val/checkpoints/kfold5_kvt_vivit_pretrained_cobb11/fold_1/checkpoint_best.pth
2026-05-27T23:19:17.553487,ablation_vivit_ww,1,test,474,0.26524490118026733,0.0,11.0,0.5,/root/private_data/NMI_Project_Val/checkpoints/kfold5_kvt_vivit_pretrained_cobb11/fold_1/checkpoint_best.pth
2026-05-27T23:19:17.553487,ablation_vivit_ww,1,test,475,0.16984198987483978,0.0,11.0,0.5,/root/private_data/NMI_Project_Val/checkpoints/kfold5_kvt_vivit_pretrained_cobb11/fold_1/checkpoint_best.pth
2026-05-27T23:19:17.553487,ablation_vivit_ww,1,test,476,0.16173703968524933,0.0,11.0,0.5,/root/private_data/NMI_Project_Val/checkpoints/kfold5_kvt_vivit_pretrained_cobb11/fold_1/checkpoint_best.pth
2026-05-27T23:19:17.553487,ablation_vivit_ww,1,test,477,0.1700039654970169,0.0,11.0,0.5,/root/private_data/NMI_Project_Val/checkpoints/kfold5_kvt_vivit_pretrained_cobb11/fold_1/checkpoint_best.pth
2026-05-27T23:19:17.553487,ablation_vivit_ww,1,test,478,0.1588030755519867,0.0,11.0,0.5,/root/private_data/NMI_Project_Val/checkpoints/kfold5_kvt_vivit_pretrained_cobb11/fold_1/checkpoint_best.pth
2026-05-27T23:19:17.553487,ablation_vivit_ww,1,test,479,0.15959113836288452,0.0,11.0,0.5,/root/private_data/NMI_Project_Val/checkpoints/kfold5_kvt_vivit_pretrained_cobb11/fold_1/checkpoint_best.pth
2026-05-27T23:19:17.553487,ablation_vivit_ww,1,test,480,0.21224041283130646,0.0,11.0,0.5,/root/private_data/NMI_Project_Val/checkpoints/kfold5_kvt_vivit_pretrained_cobb11/fold_1/checkpoint_best.pth
2026-05-27T23:19:17.553487,ablation_vivit_ww,1,test,481,0.23110824823379517,0.0,11.0,0.5,/root/private_data/NMI_Project_Val/checkpoints/kfold5_kvt_vivit_pretrained_cobb11/fold_1/checkpoint_best.pth
2026-05-27T23:19:17.553487,ablation_vivit_ww,1,test,482,0.24471043050289154,0.0,11.0,0.5,/root/private_data/NMI_Project_Val/checkpoints/kfold5_kvt_vivit_pretrained_cobb11/fold_1/checkpoint_best.pth
2026-05-27T23:19:17.553487,ablation_vivit_ww,1,test,483,0.2476002722978592,0.0,11.0,0.5,/root/private_data/NMI_Project_Val/checkpoints/kfold5_kvt_vivit_pretrained_cobb11/fold_1/checkpoint_best.pth
